post_id,title,content,created_at,like_count,comment_count,post_url,comment001,comment002,comment003,comment004,comment005,comment006,comment007,comment008,comment009,comment010,comment011,comment012,comment013,comment014,comment015,comment016,comment017,comment018,comment019,comment020,comment021,comment022,comment023,comment024,comment025,comment026,comment027,comment028,comment029,comment030,comment031,comment032,comment033,comment034,comment035,comment036,comment037,comment038,comment039,comment040,comment041,comment042,comment043,comment044,comment045,comment046,comment047,comment048,comment049,comment050,comment051,comment052,comment053,comment054,comment055,comment056,comment057,comment058,comment059,comment060,comment061,comment062,comment063,comment064,comment065,comment066,comment067,comment068,comment069,comment070,comment071,comment072,comment073,comment074,comment075,comment076,comment077,comment078,comment079,comment080,comment081,comment082,comment083,comment084,comment085,comment086,comment087,comment088,comment089,comment090,comment091,comment092,comment093,comment094,comment095,comment096,comment097,comment098,comment099,comment100
261598908,志文到底是誰？,如題,2026-06-03 08:17:16,7,18,https://www.dcard.tw/f/nsysu/p/261598908,志文 是個很棒的男生 課業不錯、熱心助人、長的又帥、又會跑馬拉松 聽說追求者還多到數不完 真的很羨慕,優點馬拉松很強 缺點牙 但補回來了,我爸,是中山宋江,不知道 問志文吧 他通曉一切,MD到底是誰,志文已經不是中山宋江了 是南台灣宋江,是個傳奇,這個故事要從很久以前說起了,卡,媽蛋,,,,,,,,,,,,,,,,,,,,,,,,,,,,,,,,,,,,,,,,,,,,,,,,,,,,,,,,,,,,,,,,,,,,,,,,,,,,,,,,,,,,,,,,,
261597906,東西不見要怎麼處理,5.拿給志文,2026-06-03 05:30:00,1,10,https://www.dcard.tw/f/nsysu/p/261597906,6. 跟志文告狀,7. 叫志文幫你找,8.請志文再去買一袋,好了啦，與其在這裡開沒意義投票，不如想想為什麼你們需要帶風向，另外一邊不用,這種有什麼好一直發文的，要這樣搞還不如想想怎麼好好跟別人道歉吧……,FB做夢文為什麼刪掉了啊？啊你昨天晚上沒睡覺嗎 怎麼沒有新的做夢文 我很期待後續欸,先做夢,聯合國五常那邊怎麼說,,,,,,,,,,,,,,,,,,,,,,,,,,,,,,,,,,,,,,,,,,,,,,,,,,,,,,,,,,,,,,,,,,,,,,,,,,,,,,,,,,,,,,,,,,,,
261602160,救救天文學導論期末,不好意思突然打擾了，我是這學期修天文學導論的同學  雖然知道教授會幫非理工學生調分，我上課也努力聽了，但有些內容還是常常跟不上，期中考有認真讀才七八十而已，很怕學期成績不好看。最近準備一堆期末考，有點小崩潰  想請問學長姐手邊如果還有以前天文學導論的期末考古題，或是老師比較常出的題型可以分享的話，真的會非常感激  如果學長姐願意分享的話，我可以用星巴克禮券小小答謝一下🥹🙏  如果不方便也完全沒關係，還是謝謝學長姐看完訊息～  祝學長姐期末順利、天天歐趴✨,2026-06-03 17:40:35,3,10,https://www.dcard.tw/f/nsysu/p/261602160,沒考古 但大致上題目編排如果沒有改的話應該是選擇 是非加幾題問答，講義讀熟沒問題的👌,卡，全部合起來800頁講義讀不完啊,老師不是有給嗎,可以幫忙！你再私訊我,,,,,,,,,,,,,,,,,,,,,,,,,,,,,,,,,,,,,,,,,,,,,,,,,,,,,,,,,,,,,,,,,,,,,,,,,,,,,,,,,,,,,,,,,,,,,,,,
261599702,贈送面條&咖喱塊,家裡給的東西太多吃不完，所以贈送出去 面交，全都收的優先，限女生！ 私訊我約面交地點～ ———以下為商品說明——— 虎牌好麵：   狀態：未開封   效期：26/09/17 統一泡麵：   狀態：未開封   效期：25/08/05 & 25/09/01（過期 佛蒙特咖喱塊：   狀態：盒子開封（但另一半完全沒有開）   效期：26/06/30,2026-06-03 10:37:03,1,1,https://www.dcard.tw/f/nsysu/p/261599702,志文？,,,,,,,,,,,,,,,,,,,,,,,,,,,,,,,,,,,,,,,,,,,,,,,,,,,,,,,,,,,,,,,,,,,,,,,,,,,,,,,,,,,,,,,,,,,,,,,,,,,
261605276,武嶺什麼時候要蓋得來速？,我好懶，我不想走進米羅，我想坐在車上繞一圈，東西拿了就走,2026-06-04 09:13:39,2,0,https://www.dcard.tw/f/nsysu/p/261605276,,,,,,,,,,,,,,,,,,,,,,,,,,,,,,,,,,,,,,,,,,,,,,,,,,,,,,,,,,,,,,,,,,,,,,,,,,,,,,,,,,,,,,,,,,,,,,,,,,,,
261604445,海洋文化,出席全勤出席分只拿19.5/30，去問助教只回一句沒有看到人？,2026-06-04 06:53:13,2,2,https://www.dcard.tw/f/nsysu/p/261604445,認真打的心得被破系統蓋掉=沒有上課  根本無解,學期初就說只認座位上有沒有人 也可能你遲到沒看到人,,,,,,,,,,,,,,,,,,,,,,,,,,,,,,,,,,,,,,,,,,,,,,,,,,,,,,,,,,,,,,,,,,,,,,,,,,,,,,,,,,,,,,,,,,,,,,,,,,
261604204,找人一起讀書,期末要到了覺得自己很不專心，想找人一起讀書，地點可能是咖啡廳之類的，不喜歡像圖書館太安靜的地方，而且會想吃東西，想問有沒有人有意願一起？ 時間大概是到下禮拜四前的這幾天！,2026-06-04 06:12:42,0,8,https://www.dcard.tw/f/nsysu/p/261604204,可以不讀書只坐在旁邊就好嗎,我有時也會去咖啡廳讀書，如果時間剛好的話可以一起自習看看,陪+1,山大是走投無路不讀書才會讀的,,,,,,,,,,,,,,,,,,,,,,,,,,,,,,,,,,,,,,,,,,,,,,,,,,,,,,,,,,,,,,,,,,,,,,,,,,,,,,,,,,,,,,,,,,,,,,,,
261601952,汽車停車,請問一下各位學長姐，申請汽車停車證後能停校園內的停車格嗎還是只能停海堤停車場，印象中上次去參觀有看到路邊很多停車格（不是停車場裡的） 謝謝🙏,2026-06-03 16:51:11,0,9,https://www.dcard.tw/f/nsysu/p/261601952,不要辦車證,停車證只能停海堤，我有聽過一個說法是不要辦停車證，然後停學校裡面就好，說是這樣他們沒有車子的資料也罰不到你本人，但車證的好處就是放海堤一年就600,不要辦車證 車證只能停海堤停車場 教你一招 進學校左轉上山到圖片這樣往左下去 從這邊繞你就不會遇到守衛擋你 然後你就可以去找車位了 就算被抓到開單找不到人所以也不用付錢  我自己辦了車證才發現這樣比較划算 給你參考,,,,,,,,,,,,,,,,,,,,,,,,,,,,,,,,,,,,,,,,,,,,,,,,,,,,,,,,,,,,,,,,,,,,,,,,,,,,,,,,,,,,,,,,,,,,,,,,,
261607379,網大上傳檔案失敗,有人遇過嗎 傻眼 上傳不了 系所沒繳錢的意思ㄇ 看不懂 上傳不了啦啦啦啦,2026-06-04 15:02:38,1,0,https://www.dcard.tw/f/nsysu/p/261607379,,,,,,,,,,,,,,,,,,,,,,,,,,,,,,,,,,,,,,,,,,,,,,,,,,,,,,,,,,,,,,,,,,,,,,,,,,,,,,,,,,,,,,,,,,,,,,,,,,,,
261606464,排球不見,大小事的文怎麼刪了啊 我想看到血流成河,2026-06-04 12:39:18,1,4,https://www.dcard.tw/f/nsysu/p/261606464,志文把文章刪掉了,想看新的做夢文,不知道有沒有被告,做夢做到被警察抓走了吧,,,,,,,,,,,,,,,,,,,,,,,,,,,,,,,,,,,,,,,,,,,,,,,,,,,,,,,,,,,,,,,,,,,,,,,,,,,,,,,,,,,,,,,,,,,,,,,,
261605942,學生保險理賠時間,想問一下理賠大概都等多久才會入帳,2026-06-04 11:16:32,0,3,https://www.dcard.tw/f/nsysu/p/261605942,我上學期有申請 我記得3、4天的樣子,想問他會不會通知或是寄信什麼的，因為有一天我帳號多了6600左右，但沒有寄信提醒我，我只能推測是保險來了,,,,,,,,,,,,,,,,,,,,,,,,,,,,,,,,,,,,,,,,,,,,,,,,,,,,,,,,,,,,,,,,,,,,,,,,,,,,,,,,,,,,,,,,,,,,,,,,,,
261605814,尋人,6/4（四）晚上6.30左右，在e斜那裡，偶遇猴子軍團跟下雨，有位帥哥幫我擋著護送我去車上拿傘，由於時間上很趕（要上課）來不及感謝你,2026-06-04 10:53:54,1,3,https://www.dcard.tw/f/nsysu/p/261605814,志文 是你？,莫非是 志文？？？,志文好暖,,,,,,,,,,,,,,,,,,,,,,,,,,,,,,,,,,,,,,,,,,,,,,,,,,,,,,,,,,,,,,,,,,,,,,,,,,,,,,,,,,,,,,,,,,,,,,,,,
261605623,海洋微生物考試怎麼出英文,pdf了,2026-06-04 10:17:53,0,0,https://www.dcard.tw/f/nsysu/p/261605623,,,,,,,,,,,,,,,,,,,,,,,,,,,,,,,,,,,,,,,,,,,,,,,,,,,,,,,,,,,,,,,,,,,,,,,,,,,,,,,,,,,,,,,,,,,,,,,,,,,,
261605294,好想認識小腿粗的女生,如題，聽說小腿粗粗的女生都很好聊天,2026-06-04 09:15:18,0,4,https://www.dcard.tw/f/nsysu/p/261605294,哪聽說的,？,兄弟你好香,,,,,,,,,,,,,,,,,,,,,,,,,,,,,,,,,,,,,,,,,,,,,,,,,,,,,,,,,,,,,,,,,,,,,,,,,,,,,,,,,,,,,,,,,,,,,,,,,
261603723,重機可以停校內嗎,最近要升級黃牌 可以停教學區內的停車場不被拖嗎 上課不想走太遠🤣,2026-06-04 04:38:39,0,2,https://www.dcard.tw/f/nsysu/p/261603723,之前在翠亨道往電資一樓的那個斜坡有看過重機停車格 但不知道能不能停,我汽車被貼違規單 所以應該黃牌也無法,,,,,,,,,,,,,,,,,,,,,,,,,,,,,,,,,,,,,,,,,,,,,,,,,,,,,,,,,,,,,,,,,,,,,,,,,,,,,,,,,,,,,,,,,,,,,,,,,,
261601693,瘟疫課期末報告,本人選了瘟疫但都翹課 現在不知道期末報告要做什麼有點急 求各位幫助,2026-06-03 16:04:08,0,3,https://www.dcard.tw/f/nsysu/p/261601693,自選題目 手寫兩頁a4 恭喜,還得是外文系夥伴,,,,,,,,,,,,,,,,,,,,,,,,,,,,,,,,,,,,,,,,,,,,,,,,,,,,,,,,,,,,,,,,,,,,,,,,,,,,,,,,,,,,,,,,,,,,,,,,,,
261601265,游泳抵免,請問游泳考完抵免多久會出現在畢業檢核,2026-06-03 14:57:16,0,0,https://www.dcard.tw/f/nsysu/p/261601265,,,,,,,,,,,,,,,,,,,,,,,,,,,,,,,,,,,,,,,,,,,,,,,,,,,,,,,,,,,,,,,,,,,,,,,,,,,,,,,,,,,,,,,,,,,,,,,,,,,,
261597584,機率學大炸簽,只有第一題寫對，其他都有算錯的 連爆破第七題數字都錯  會被當ㄇ,2026-06-03 04:29:05,0,6,https://www.dcard.tw/f/nsysu/p/261597584,都作業題也能炸 也是挺猛,蛤不是都基本題嗎,被當學姊簽 學弟不怕 應數機率好過的👌,,,,,,,,,,,,,,,,,,,,,,,,,,,,,,,,,,,,,,,,,,,,,,,,,,,,,,,,,,,,,,,,,,,,,,,,,,,,,,,,,,,,,,,,,,,,,,,,,
261597055,【懇求填問卷🙏】智慧型手機助理使用經驗調查｜抽獎500元超商禮卷,【問卷邀請】手機語音助理使用經驗研究｜填答抽500元超商禮卷  大家好，我目前正在進行學術研究，誠摯邀請曾經使用過智慧型手機語音助理（如 Siri、Google 助理）的使用者填寫問卷。  📌 研究主題：智慧型手機助理使用者經驗調查 📌 填答資格：曾使用過任何手機語音助理即可 📌 填答時間：約 3–5 分鐘 📌 問卷截止：2025 年 6 月 20 日 📌 填答抽獎：抽出 20 位填答者，各贈送 500 元超商禮卷  🔗 問卷連結：,2026-06-03 02:38:43,0,4,https://www.dcard.tw/f/nsysu/p/261597055,填完了但送不出去，說是預覽模式 QQ,預覽模式無法送出表單 請更改權限,,,,,,,,,,,,,,,,,,,,,,,,,,,,,,,,,,,,,,,,,,,,,,,,,,,,,,,,,,,,,,,,,,,,,,,,,,,,,,,,,,,,,,,,,,,,,,,,,,
261596764,好好騎車很難嗎,就你最聰明,2026-06-03 01:19:25,6,5,https://www.dcard.tw/f/nsysu/p/261596764,來尬車,笑死又是它昨天上山也在那邊亂騎趕頭七吧,多說無益，你這段照片影片剛好可以檢舉逆向行駛。,,,,,,,,,,,,,,,,,,,,,,,,,,,,,,,,,,,,,,,,,,,,,,,,,,,,,,,,,,,,,,,,,,,,,,,,,,,,,,,,,,,,,,,,,,,,,,,,,
261596158,#售 我要賣 冰箱,（此貼文為純圖片、轉貼連結或無內文摘要）,2026-06-02 18:02:39,0,1,https://www.dcard.tw/f/nsysu/p/261596158,,,,,,,,,,,,,,,,,,,,,,,,,,,,,,,,,,,,,,,,,,,,,,,,,,,,,,,,,,,,,,,,,,,,,,,,,,,,,,,,,,,,,,,,,,,,,,,,,,,,
261595609,賣冰箱,準備畢業，賣冰箱！！  型號：Kolin KR-SE20957 價格：1800（可議價） ** 自己來搬-200、機電/電機系-50、祝我畢業快樂-50 ** 機齡：3年（大二購入，無轉手過） 獨立冷藏、冷凍～  6/12前來宿舍搬走，請私訊我面交,2026-06-02 15:49:49,1,3,https://www.dcard.tw/f/nsysu/p/261595609,感覺好讚欸,請問還有嗎,,,,,,,,,,,,,,,,,,,,,,,,,,,,,,,,,,,,,,,,,,,,,,,,,,,,,,,,,,,,,,,,,,,,,,,,,,,,,,,,,,,,,,,,,,,,,,,,,,
261594466,撿到東西如何處理?,那篇文看起來就是被抓到後才趕快發文澄清超ㄏ,2026-06-02 12:57:44,送警局或管理單位、主動公告、原地等,帶回家，被動等失主上網來問，自己不主動發,https://www.dcard.tw/f/nsysu/p/261594466,E:以上皆非 我會把球帶回家侵佔幾天 等要被發現了再態度很差的把球還回去😍,蠻想知道要告什麼的，最多就是不當侵佔，這就需要有侵佔意圖，都歸還了要怎麼證明他有侵占意圖? 不要弄一弄最後一張不起訴書證明自己是個法盲，浪費司法資源。,看得出來要帶風向 挺有趣的,他沒有即時歸還或告知確實在事件中需要改進 但整個球袋不見卻隔了快一週才在找 這在邏輯上有點奇怪,【疑點1】 陳同學15:46發文詢問有沒有人拿到球， 吳同學16:33發文說撿到球。  但看吳同學的貼文內容：『歐白癡真的變小偷了，上禮拜五人沒撿到倒是撿了一袋球』， 以及沒有編輯紀錄這點， 似乎在發文前就接到通知要求歸還球了。  那可以合理推測應該是在這50分鐘內， 陳同學一方去查看監視器； 或是在更早之前就在調查了， 只是剛好校方在這時間內找到人。  所以發文詢問有沒有人拿到球是在發辛酸的嗎？ 這50分鐘是有誰能回覆😑 好歹也等個一天吧。。。  【疑點2】 後續Kevin同學有發文澄清一方的視角， 看內容似乎是「發文說撿到球後才收到通知」。 但這又跟遺失球一方的說法不一， 也和吳同學的貼文邏輯不合。 (除非這則貼文有編輯過，只是沒顯示紀錄)  所以到底是撿球的先發文還是找球的先連絡？ 你們兩邊說法不一樣，看得很亂😮‍💨,唯一正解: 直接不檢,卡懶趴包,5 交給志文,要這樣公審喔,完全神人,5. 給猴子玩,吃瓜大小事,,,,,,,,,,,,,,,,,,,,,,,,,,,,,,,,,,,,,,,,,,,,,,,,,,,,,,,,,,,,,,,,,,,,,,,,,,,,,,,,,,,,,,,,
261592669,有人撿到排球袋嗎？,不好意思打擾大家 我們是海工女排 請問上禮拜三（5/27）大約晚上8點之後，有沒有人在海科場附近看到我們系排的球袋呢？ 如果有人撿到，再私訊麻煩聯繫一下我，非常感謝大家！,2026-06-02 07:49:50,6,2,https://www.dcard.tw/f/nsysu/p/261592669,,,,,,,,,,,,,,,,,,,,,,,,,,,,,,,,,,,,,,,,,,,,,,,,,,,,,,,,,,,,,,,,,,,,,,,,,,,,,,,,,,,,,,,,,,,,,,,,,,,,
261592343,各位都拿到書卷獎狀了嗎,大四老人都要畢業了，上學期書卷獎狀都還沒拿到,2026-06-02 07:00:57,0,6,https://www.dcard.tw/f/nsysu/p/261592343,還沒 但至少獎金入帳了雖然快期末了,我上上禮拜就拿到了欸,四年了 還沒,我去年就拿到了,29入帳獎學金 通常獎狀就下來了可以去系辦拿,要自己去系辦拿,,,,,,,,,,,,,,,,,,,,,,,,,,,,,,,,,,,,,,,,,,,,,,,,,,,,,,,,,,,,,,,,,,,,,,,,,,,,,,,,,,,,,,,,,,,,,,
261592316,師生關係已有裂縫,（此貼文為純圖片、轉貼連結或無內文摘要）,2026-06-02 06:54:57,0,0,https://www.dcard.tw/f/nsysu/p/261592316,,,,,,,,,,,,,,,,,,,,,,,,,,,,,,,,,,,,,,,,,,,,,,,,,,,,,,,,,,,,,,,,,,,,,,,,,,,,,,,,,,,,,,,,,,,,,,,,,,,,
261591393,專題真好做,有個系所的某個學生，裡面的東西把自己實驗室的碩班學長姐的東西挪過來用再說自己有做呢？真好做真好畢業！,2026-06-02 04:04:28,3,28,https://www.dcard.tw/f/nsysu/p/261591393,爽啊刺啊檢舉啊 笑你不敢 只能發這破文,🎻🎻,阿不是大家都這樣嗎 大學部一個學期要修20幾學分，要他們兼顧實驗跟課業根本不可能,不是每年都一堆把實驗室做過的東西再拿來做一遍的嗎😑,麥克,你當人家碩士生是不是？ 很多實驗儀器本來就不太給大學生碰,大學專題不就是這樣嗎 有什麼問題🤔,啊不是本來就這樣嗎,我們系不是有人這樣報專題展嗎，也不會怎樣,每次看到這種文都很讓人羨慕,有時候很後悔認識一些人 關我屁事 我只是被期末吹殘的大學生,怎麼不敢講出來 都匿名了  鬧大一點 越大越好 這樣我看得越爽 最好是脆上也發一發,志文～,志文,志文？,志文,志文？？？？？,,,,,,,,,,,,,,,,,,,,,,,,,,,,,,,,,,,,,,,,,,,,,,,,,,,,,,,,,,,,,,,,,,,,,,,,,,,,,,,,,,,
261590339,理想型,期末熬夜的次數變多了，每天泡在自習室，讀完書都會去包手固定吃一顆飯糰和一杯豆漿。結帳時看著阿姨，起初沒什麼感覺，但越看越覺得風姿綽約秀色可餐，迷人的雙眼和可愛的笑容，她在我的心中是個漂亮的女孩，我白天時總在期待與她的下一次見面。,2026-06-01 20:30:36,17,7,https://www.dcard.tw/f/nsysu/p/261590339,要瘋狂一下吧,這我,蕊姨同理,聽你這樣講我今天也想去了,E餐的阿姨？,身為曹家軍也不得不敬佩三分,宵夜總是特別美味,,,,,,,,,,,,,,,,,,,,,,,,,,,,,,,,,,,,,,,,,,,,,,,,,,,,,,,,,,,,,,,,,,,,,,,,,,,,,,,,,,,,,,,,,,,,,
261587801,徵室友一起合租家庭式,如題，想找一起租一年的室友 詳細資訊可以私訊我 ① 地點：高雄市鹽埕區富野路50號7樓之1 ② 房型(套/雅房/家庭式)：家庭式（三個房間，目前剩一間雅房） ③ 床型(單/雙人)：雙人 ④ 租金：每個月3300（不含管理費 每個月3人共1560元） ⑤ 押金：兩個月租金 ⑥ 電費（計算方式）：依電力公司計費 （自己繳） ⑦ 水費（計算方式）：依自來水公司計費 （自己繳） ⑧ 其他費用：瓦斯費由使用者付費 （自己叫瓦斯公司） ⑨ 提供設備：雙人床.冰箱.書桌椅.衣櫥.沙發.冷氣.洗衣機.廚房配備等基本家電.傢俱。 ⑩ 可否開火：可 ⑪ 是否為獨立洗衣機：是 ⑫ 最快可入住時間：115／7／1 ⑬ 汽車停車位(有/無)：無 ⑭ 機車停車位(有/無)：樓下1樓及附近有機車停車位  備註： 禁煙. 禁養寵物,2026-06-01 11:13:33,3,0,https://www.dcard.tw/f/nsysu/p/261587801,,,,,,,,,,,,,,,,,,,,,,,,,,,,,,,,,,,,,,,,,,,,,,,,,,,,,,,,,,,,,,,,,,,,,,,,,,,,,,,,,,,,,,,,,,,,,,,,,,,,
261586956,克雷爾科技股份有限公司 (徵才) ，中山大學畢業生，可直接安排面試[2026/6/1~2026/6/5 ],軟體設計工程師 高雄市岡山區經歷不拘大學月薪40，000~65，000元 JOB: 自動化設備的程式設計，修改，安裝，測試及維護   公司簡介 半導體自動化設備設計製造 創立於2010年 員工人數30人(主要以製程機構設計/軟體開發為主軸之公司) ， 生產製造協力廠商約120人 ​致力於半導體與被動元件製程設備設計與生產，軟體類以CIM與AOI設計開發為主軸 ​客戶群台灣/大陸/韓國/新加坡 ，日月光、矽品、Amkor、力成、南茂、國巨、華新科、華亞科、福茂等公司，專業合格供應商。 ​大陸代理商 昆山華拓電子 員工數 90 人 江蘇省昆山市巴城鎮東定路251號 精密加工/設備製造/設備代理/ 韓國代理商 MBTECH  福利制度 法定項目： 勞保、健保、加班費、週休二日、陪產檢及陪產假、育嬰假、生理假、特別休假、產假、員工體檢、勞退提撥金、職災保險 福利制度： 獎金類： 年節獎金、員工生日禮金、年終獎金、三節獎金、禮品、績效獎金 保險類： 意外險、員工團保 餐飲類： 免費供餐 設備類： 員工餐廳 娛樂類： 國內旅遊、國外旅遊、員工聚餐、尾牙 補助類： 員工結婚補助、生育補助 其他類： 需穿著員工制服、員工在職教育訓練、良好升遷制度  **　此為學校合作廠商徵才， 2026/6/1~2026/6/5 ，可聯繫 #6637  洽詢.謝謝,2026-06-01 08:38:27,2,9,https://www.dcard.tw/f/nsysu/p/261586956,請問有沒有大學部實習的機會啊😭,卡,,,,,,,,,,,,,,,,,,,,,,,,,,,,,,,,,,,,,,,,,,,,,,,,,,,,,,,,,,,,,,,,,,,,,,,,,,,,,,,,,,,,,,,,,,,,,,,,,,
261586870,電資大樓抽煙室,誰又在一樓車道抽菸媽的 我在六樓都聞得到,2026-06-01 08:24:38,3,1,https://www.dcard.tw/f/nsysu/p/261586870,系閱還常常聞得到有人在吃泡麵,,,,,,,,,,,,,,,,,,,,,,,,,,,,,,,,,,,,,,,,,,,,,,,,,,,,,,,,,,,,,,,,,,,,,,,,,,,,,,,,,,,,,,,,,,,,,,,,,,,
261586504,【受測者招募｜最後場次開放報名中】,因獎項尚未全數抽出，另外加開兩個場次，歡迎大家把握機會  📅 6/2、6/3、6/4  👥 加開40位名額，歡迎大家把握機會報名！  本研究將邀請參與者使用新型 AI 工具，完成一份簡單的報告任務，並於過程中填寫相關問卷。整體實驗時間約 20 分鐘，流程簡單，快來找我參加。  🎁採現場一番賞抽獎，參與者將有機會獲得以下獎項：  A賞｜2，000元現金 × 1名  B賞｜1，000元現金 × 1名  C賞｜500元現金 × 2名  D賞｜威秀電影票 × 9名  E賞｜100元現金 × 10名  F賞｜100元禮券 × 4名  G賞｜50元禮券 × 3名  📍 實驗地點：  國立中山大學 管理學院 3027-1  📝 報名方式：  請先至以下網站填寫報名資料與可配合時間：,2026-06-01 07:23:15,1,0,https://www.dcard.tw/f/nsysu/p/261586504,,,,,,,,,,,,,,,,,,,,,,,,,,,,,,,,,,,,,,,,,,,,,,,,,,,,,,,,,,,,,,,,,,,,,,,,,,,,,,,,,,,,,,,,,,,,,,,,,,,,
261585059,L棟…真的拜託不要再整修了可以嗎,幹 真的很躁 從8點多開始 斷斷續續都是這種聲音 實際上聲音會比錄影的再大非常多 感覺床都在震….,2026-06-01 02:42:31,7,5,https://www.dcard.tw/f/nsysu/p/261585059,要知足 看男宿,想問在整修什麼⋯,我住武嶺跟你換,,,,,,,,,,,,,,,,,,,,,,,,,,,,,,,,,,,,,,,,,,,,,,,,,,,,,,,,,,,,,,,,,,,,,,,,,,,,,,,,,,,,,,,,,,,,,,,,,
261583838,專題申請表,一定要交嗎，如果老師沒有說一定要的話？（那個關於洪小姐的系）,2026-05-31 16:54:29,2,2,https://www.dcard.tw/f/nsysu/p/261583838,什麼叫那個關於洪小姐的系？,什麼系不敢說 去給猴子幹,,,,,,,,,,,,,,,,,,,,,,,,,,,,,,,,,,,,,,,,,,,,,,,,,,,,,,,,,,,,,,,,,,,,,,,,,,,,,,,,,,,,,,,,,,,,,,,,,,
261583792,免費！畢業季限定的TOP履歷面試線上課程,評價高達4.6分⭐課程資源分享！  推薦給正在為找工作/實習焦慮，卻總是不知道該怎麼踏出第一步的你🫵  這堂【TOP求職特攻班】是免費線上課程， 隨報隨上，輕鬆幫你建立真正能用上的求職力！  #履歷攻略 帶你從「完全沒頭緒」到完成第一版可用的亮眼履歷！  #面試技巧 從面試前準備、面試應對到後續感謝信寄送等細節，一次帶你完整了解！  💬 學員真心推薦： 「能學到課本以外的實用知識，對求職各面向都有幫助！」 「魔王題拆解真的很實用，原來回答問題是有邏輯的！」 「對迷茫的準畢業生來說，是很棒的資源！」  🎁 6/30前報名再加碼享【溝通表達課】早鳥免費觀看！  👉 報名連結：,2026-05-31 16:46:13,0,0,https://www.dcard.tw/f/nsysu/p/261583792,,,,,,,,,,,,,,,,,,,,,,,,,,,,,,,,,,,,,,,,,,,,,,,,,,,,,,,,,,,,,,,,,,,,,,,,,,,,,,,,,,,,,,,,,,,,,,,,,,,,
261582962,emo,生活節奏完全被非課業的破事打亂，現在書讀不了一點，作業甚麼的全部停工。 Why? 為甚麼是在最後兩個禮拜?再撐一年就拿的到學位了，為甚麼要這樣對我。,2026-05-31 14:30:24,12,14,https://www.dcard.tw/f/nsysu/p/261582962,真的累 辛苦了,拍拍 我睡眠也都不屬於自己，每天只能趁晚上6點先睡一波，11點去自習室待到天亮，要做什麼事都綁手綁腳的，沒效率的感覺很不舒服,加油加油！！,妳是最棒的,為努力生活的你加油,老實說，多讀一年，天也不會塌下來,加油！你是最棒的！辛苦了🫂,要不要聊聊，加油～～,去看看海吧，或去你想去很久的地方走走。 人生的容錯率很大，表現不如自己或旁人預期，不會導致你的人生就此一塌糊塗。,前陣子的我好像也是這樣，多去找人聊聊吧說不定會好一點，如果真的找不適合的人也可以去問問學校的心理諮商,,,,,,,,,,,,,,,,,,,,,,,,,,,,,,,,,,,,,,,,,,,,,,,,,,,,,,,,,,,,,,,,,,,,,,,,,,,,,,,,,,,,,,,,,,
261582643,今天沒有失眠,但是帳戶加錢包剩下98,2026-05-31 13:39:40,0,1,https://www.dcard.tw/f/nsysu/p/261582643,98mm,,,,,,,,,,,,,,,,,,,,,,,,,,,,,,,,,,,,,,,,,,,,,,,,,,,,,,,,,,,,,,,,,,,,,,,,,,,,,,,,,,,,,,,,,,,,,,,,,,,
261578614,資工最大爛課,UNIX,2026-05-30 17:09:56,8,6,https://www.dcard.tw/f/nsysu/p/261578614,好好笑 到底出現幾次了,材光最大爛課：量子物理,到底是怎麼了,我蠻喜歡的欸 要不是這堂課我可能到畢業都不熟unix，想要真正的unix system programming 再去修林俊宏教授的選修就好。而且我那學期史提夫作業出得挺好,,,,,,,,,,,,,,,,,,,,,,,,,,,,,,,,,,,,,,,,,,,,,,,,,,,,,,,,,,,,,,,,,,,,,,,,,,,,,,,,,,,,,,,,,,,,,,,,
261577826,西灣友善圈問卷募集中！,你覺得中山大學： 性別友善廁所夠嗎？ 哪裡晚上最安全？ 哪些店家最讓人安心？ 校園還缺少什麼資源？ 這次我們想把大家真正的需求與推薦整理起來， 最後製作成「中山大學性別友善地圖」！ 你的每一份填答，都可能幫助到未來有需要的人。 填答時間：3～5分鐘 匿名表單  表單連結：,2026-05-30 14:38:53,0,0,https://www.dcard.tw/f/nsysu/p/261577826,,,,,,,,,,,,,,,,,,,,,,,,,,,,,,,,,,,,,,,,,,,,,,,,,,,,,,,,,,,,,,,,,,,,,,,,,,,,,,,,,,,,,,,,,,,,,,,,,,,,
261577787,體育館器材室永遠都在放空城,在行政職員的上班時間到體育館的器材室借器材時，結果發現整間空空如也，燈亮著、電腦開著，就是看不到管理員。學生站在門口乾等，彷彿在參加「尋找工作人員」活動。 既然人長期不在，乾脆改成無人自助借用算了，不然這間看起來比較像倉庫，不像有在服務的器材室。,2026-05-30 14:30:55,2,1,https://www.dcard.tw/f/nsysu/p/261577787,旁邊就是體育組辦公室 裡面一堆人可以去問 這樣也要上來噴笑死 上大學還這麼媽寶,,,,,,,,,,,,,,,,,,,,,,,,,,,,,,,,,,,,,,,,,,,,,,,,,,,,,,,,,,,,,,,,,,,,,,,,,,,,,,,,,,,,,,,,,,,,,,,,,,,
261576705,八點海科🏐,體育館流局了，打海科,2026-05-30 10:36:34,2,3,https://www.dcard.tw/f/nsysu/p/261576705,到了人呢,,,,,,,,,,,,,,,,,,,,,,,,,,,,,,,,,,,,,,,,,,,,,,,,,,,,,,,,,,,,,,,,,,,,,,,,,,,,,,,,,,,,,,,,,,,,,,,,,,,
261575750,廟口附近的店有什麼毛病,擺攤要播吵死人的音樂就去駁二啊 哈瑪星是第二類噪音管制區欸,2026-05-30 06:51:25,5,9,https://www.dcard.tw/f/nsysu/p/261575750,哪間啊 可以去跟里長說看看！,管制網路酸民的噪音,音樂讓我頭超痛= = 不能關起門來自己嗨嗎？ 強制整個哈瑪星都要參與,這發言好像吃素的國文老師ㄛ,幫你跟活動主辦人反應了～ 但具體怎麼改善我不知道,,,,,,,,,,,,,,,,,,,,,,,,,,,,,,,,,,,,,,,,,,,,,,,,,,,,,,,,,,,,,,,,,,,,,,,,,,,,,,,,,,,,,,,,,,,,,,,
261574148,急 五元粥今天有開嗎,如題,2026-05-29 20:00:38,0,2,https://www.dcard.tw/f/nsysu/p/261574148,有,,,,,,,,,,,,,,,,,,,,,,,,,,,,,,,,,,,,,,,,,,,,,,,,,,,,,,,,,,,,,,,,,,,,,,,,,,,,,,,,,,,,,,,,,,,,,,,,,,,
261571981,心裡越來越不平衡,去你的 作業用了一整個禮拜 每天用9個小時 結果屎都沒搞出來，同學一天內用完 我真的是垃圾 我去死,2026-05-29 12:09:04,3,3,https://www.dcard.tw/f/nsysu/p/261571981,哪科的作業這麼麻煩,承认自己ls，是成长的开始,啥作業 搞不好人家用ai,,,,,,,,,,,,,,,,,,,,,,,,,,,,,,,,,,,,,,,,,,,,,,,,,,,,,,,,,,,,,,,,,,,,,,,,,,,,,,,,,,,,,,,,,,,,,,,,,
261571952,【問卷】曾經捐款的你請進！觀看慈善廣告填觀感，抽海港餐券與超商禮券！,大家好～我是中山大學行銷傳播管理研究所的碩士生，目前正在進行慈善募款廣告研究，誠摯邀請18 歲（含）以上的朋友協助填寫這份問卷，您的寶貴意見，將讓慈善廣告溝通更有力量！  🎯填寫對象：限18-69歲，並曾有1次以上的慈善捐款經驗 （無論金額大小）。  🕒 填寫時間：約 5分左右  💡特別提醒：問卷中需要觀看影片和開啟聲音，您的填寫對此研究品質非常重要，懇請大家協助「詳閱內容後作答」！  🎁 感恩回饋抽獎：將從有效問卷中抽出幸運得主，中獎者將以Email通知。 ⭐️漢來海港餐券 2張、7-11禮卷100元 5張  ✍️問卷連結：,2026-05-29 12:03:44,2,0,https://www.dcard.tw/f/nsysu/p/261571952,,,,,,,,,,,,,,,,,,,,,,,,,,,,,,,,,,,,,,,,,,,,,,,,,,,,,,,,,,,,,,,,,,,,,,,,,,,,,,,,,,,,,,,,,,,,,,,,,,,,
261569021,二健男更衣室的飲水機要擺爛不修多久啊？,拉完了,2026-05-29 02:52:46,4,1,https://www.dcard.tw/f/nsysu/p/261569021,,,,,,,,,,,,,,,,,,,,,,,,,,,,,,,,,,,,,,,,,,,,,,,,,,,,,,,,,,,,,,,,,,,,,,,,,,,,,,,,,,,,,,,,,,,,,,,,,,,,
261568645,早晨的男宿,一定是瘋狂,2026-05-29 01:07:23,16,8,https://www.dcard.tw/f/nsysu/p/261568645,羨慕嫉妒恨,南涼,靠 別拍我女友,,,,,,,,,,,,,,,,,,,,,,,,,,,,,,,,,,,,,,,,,,,,,,,,,,,,,,,,,,,,,,,,,,,,,,,,,,,,,,,,,,,,,,,,,,,,,,,,,
261568164,特戰英豪徵爬分好夥伴,本人目前鑽二，想找情緒穩定可以一起爬分的人！歡迎一起來玩,2026-05-28 19:25:59,0,1,https://www.dcard.tw/f/nsysu/p/261568164,牌位太高了不推,,,,,,,,,,,,,,,,,,,,,,,,,,,,,,,,,,,,,,,,,,,,,,,,,,,,,,,,,,,,,,,,,,,,,,,,,,,,,,,,,,,,,,,,,,,,,,,,,,,
261567513,大家都去哪剪髮,rt 有沒有推薦的理髮廳 不太想踩雷因為踩完至少要等一個多月才能康復,2026-05-28 16:23:54,1,19,https://www.dcard.tw/f/nsysu/p/261567513,海理還行,預算大概多少,我是去AIT,不如捷特,無腦dots啊 沒有剪壞過 我問過很多人都剪這間,沒剪過,去round2啊 找漂亮設計師剪,減法日常 美術館附近 剛剪完 蠻棒的 推Ronna 人好看又會剪,找好設計師剪150的沒醜過,剪藝快剪 我們班五個男生有三個不約而同都去他那邊,,,,,,,,,,,,,,,,,,,,,,,,,,,,,,,,,,,,,,,,,,,,,,,,,,,,,,,,,,,,,,,,,,,,,,,,,,,,,,,,,,,,,,,,,,
261566950,協助轉發,（此貼文為純圖片、轉貼連結或無內文摘要）,2026-05-28 14:42:43,0,0,https://www.dcard.tw/f/nsysu/p/261566950,,,,,,,,,,,,,,,,,,,,,,,,,,,,,,,,,,,,,,,,,,,,,,,,,,,,,,,,,,,,,,,,,,,,,,,,,,,,,,,,,,,,,,,,,,,,,,,,,,,,
261565796,騎檔車的女生,今天早上在富野路美聯社遇到 超帥的啦  有沒有人認識,2026-05-28 11:39:32,1,1,https://www.dcard.tw/f/nsysu/p/261565796,嗨 那應該是我,,,,,,,,,,,,,,,,,,,,,,,,,,,,,,,,,,,,,,,,,,,,,,,,,,,,,,,,,,,,,,,,,,,,,,,,,,,,,,,,,,,,,,,,,,,,,,,,,,,
261565748,元福阿姨,我知道我超級多管閒事 但是我還是想講一下  元福的阿姨心理狀態看起來真的不太好 再加上之前的鴿子故事 還有有一次去有一次快關門時間去 他們兩個在後廚 我在店裡 他們不知道 然後老闆整個大吼大罵超級無敵兇的罵老闆娘 老闆娘也都沒有回話 感覺需要注意一下心理健康，我知道不關我的事 在這邊講也沒辦法改變什麼 也可能事實不是我看到的這樣  但如果阿姨看得到？ 希望可以可以多注意一點自己的感受 該做出改變的時候就做出改變 然後知道我很擔心你🥹,2026-05-28 11:33:03,52,23,https://www.dcard.tw/f/nsysu/p/261565748,老闆真的no good 再加上上次的日本放鳥事件 真的對他印象不太好,嗯嗯真的每次看到老闆大罵老闆娘都很難過 況且她可能每天都被這樣罵😢,蕊姨也是,哇，世界多一點妳這種人真好 我是吃了13年憂鬱藥的病患,很愛元福 而且阿姨都給好多🥹希望阿姨可以健健康康的 我想吃到畢業,我沒看過阿姨被罵 但是福鴻超常吵架大吵的那種,怎麼每個開店的都在吵,會吵架的店會吃到覺得壓力很大 🥲,,,,,,,,,,,,,,,,,,,,,,,,,,,,,,,,,,,,,,,,,,,,,,,,,,,,,,,,,,,,,,,,,,,,,,,,,,,,,,,,,,,,,,,,,,,,
261564764,給修潛水課的各位,如果這學期有修潛水課可能要注意（？ 這件事已經發生了一段時間 基於到現在還是很生氣還是上來抒發+告誡各位  事情是這樣的 上學期本來高高興興的修潛水課、考照，也高高興興的考過了（雖然水溫很冷就是了），結果潛水課的助教在該學期還沒結束的情況下，某一天無預警移除群組裡的所有人.....，也因此相簿沒了........潛水的照片全....沒 了....  照....片....影片......全......沒........了......... 第一次潛到海裡的感動，還有教練們很認真辛苦幫每一位同學拍照，就這樣被刪光，反正我是很不爽啦！,2026-05-28 08:36:27,7,3,https://www.dcard.tw/f/nsysu/p/261564764,可以跟老師反應吧,,,,,,,,,,,,,,,,,,,,,,,,,,,,,,,,,,,,,,,,,,,,,,,,,,,,,,,,,,,,,,,,,,,,,,,,,,,,,,,,,,,,,,,,,,,,,,,,,,,
261564263,原來這就是傳說中的獼猴桃樹嗎？,過於擬人的奇異果,2026-05-28 07:13:40,3,1,https://www.dcard.tw/f/nsysu/p/261564263,,,,,,,,,,,,,,,,,,,,,,,,,,,,,,,,,,,,,,,,,,,,,,,,,,,,,,,,,,,,,,,,,,,,,,,,,,,,,,,,,,,,,,,,,,,,,,,,,,,,
261564050,119級 國立中山大學護理學系新生群,🎉 恭喜高三生們二階面試順利完成！🎉  放榜之後， 或許你正在思考未來的方向、 猶豫志願該如何排序； 也可能正在想像， 自己的大學生活會是什麼模樣✨  是不是對未來既期待又有點緊張呢？👀 不用擔心！ 這裡就是你認識同學、獲得資訊、 一起耍廢聊天的重要基地✨  誠摯邀請各位加入我們系， 同時我們也建立了新生群組， 邀請有志到來的各位加入， 提前認識系上的生活與氛圍💬  這裡會有學長姐們，可以在群組裡交流： 📚 課程與選課資訊 🍜 美食推薦 🏫 系上活動與日常生活 🙋 入學經驗 🤝 未來同學搶先認識！  歡迎大家加入，進來看看、聊聊，或提出任何問題～  希望未來有機會，與你在系上相見🌿 快點加入我們吧！🙌  🔗 新生群連結：,2026-05-28 06:41:35,2,0,https://www.dcard.tw/f/nsysu/p/261564050,,,,,,,,,,,,,,,,,,,,,,,,,,,,,,,,,,,,,,,,,,,,,,,,,,,,,,,,,,,,,,,,,,,,,,,,,,,,,,,,,,,,,,,,,,,,,,,,,,,,
261563212,哪個理工男GG啦!⋯^_^,超級好笑,2026-05-28 04:13:11,17,3,https://www.dcard.tw/f/nsysu/p/261563212,嗯？不是說一個是嘉義的嗎？兩個都中山的？,,,,,,,,,,,,,,,,,,,,,,,,,,,,,,,,,,,,,,,,,,,,,,,,,,,,,,,,,,,,,,,,,,,,,,,,,,,,,,,,,,,,,,,,,,,,,,,,,,,
261560571,撿到錢,有沒有人在上個禮拜五了/禮拜六在學校內撿到幾張千元鈔 對折在一起的 有的請聯絡 感謝 那是家人給的零用🥹,2026-05-27 14:52:34,0,0,https://www.dcard.tw/f/nsysu/p/261560571,,,,,,,,,,,,,,,,,,,,,,,,,,,,,,,,,,,,,,,,,,,,,,,,,,,,,,,,,,,,,,,,,,,,,,,,,,,,,,,,,,,,,,,,,,,,,,,,,,,,
261559785,填問卷抽輕奢品牌墨鏡-台灣輕奢服飾品牌偏好調查問卷 🎁,您好   我們是來自臺大行銷顧問社（S&C Marketing Club）的七名學生，目前正在執行輕奢精品時裝品牌相關專案，期望深入了解年輕族群對於品牌的認知與選擇偏好   本問卷僅需約 5 分鐘填寫，採不記名方式，您的資料將僅作為市場分析使用，請安心作答  我們希望透過您的回覆，分析年輕族群在認識輕奢精品時裝時的偏好與價值觀，作為品牌與市場研究的重要參考  📍 問卷對象：現居台灣者，18-35 歲之女性族群 🎁 抽獎活動：外國限定輕奢品牌墨鏡（市值 NTD$10，600 / 限抽 1 名） * 實際商品與品項將以當時庫存狀況為主  您的想法對我們至關重要，期待您的參與，並感謝您熱心幫忙填答,2026-05-27 12:53:29,1,0,https://www.dcard.tw/f/nsysu/p/261559785,,,,,,,,,,,,,,,,,,,,,,,,,,,,,,,,,,,,,,,,,,,,,,,,,,,,,,,,,,,,,,,,,,,,,,,,,,,,,,,,,,,,,,,,,,,,,,,,,,,,
261558827,誰是最強電子學教授？,肯定是咱們有德啊 不服來辯🫠😭😤🥵,2026-05-27 09:57:43,0,11,https://www.dcard.tw/f/nsysu/p/261558827,肯定是陳有德啊 碩士學歷沒看過這麼強的 沒有實驗室跟研究生 全新全意鑽研電子學跟電工實驗,當然是劉明彰,Razavi,絕對是有德啊（括號記得刪，一則一張汍冰券）,陳振芳 OCW,大推劉老師,不敢說 怕期末出事,馬老師一生推,馬哥可以出電子三了嗎,,,,,,,,,,,,,,,,,,,,,,,,,,,,,,,,,,,,,,,,,,,,,,,,,,,,,,,,,,,,,,,,,,,,,,,,,,,,,,,,,,,,,,,,,,,
261558734,3房1廳1衛 找租客,📍 地址：鹽埕區大仁路193巷11號2樓  租金： 16，500元/月 押金： 2個月 最短租期： 12個月 電費： 台電帳單 水費： 台水帳單  格局： 3房1廳1衛 設備：  房間：分離式冷氣(1級能效)、床、書桌、椅子、衣櫃、電視  公共：機車停車區、公共冰箱、免費洗衣機、電熱水器  🔗 詳細資訊與聯繫方式：,2026-05-27 09:43:12,1,0,https://www.dcard.tw/f/nsysu/p/261558734,,,,,,,,,,,,,,,,,,,,,,,,,,,,,,,,,,,,,,,,,,,,,,,,,,,,,,,,,,,,,,,,,,,,,,,,,,,,,,,,,,,,,,,,,,,,,,,,,,,,
261558725,海域中心開放時間,管停這邊有一個到沙灘的出入口，開放時間只到17:15，然後還貼公告說逾時請走前門離開（時間一到門會用其他鎖再鎖上，但這裡是什麼金庫嗎？）。 平時就已經要用學生證出入了，為什麼不能就透過門禁管理，並且開放到日落以後，現在連看個夕陽也這麼麻煩。西子灣坐落於校區內，結果黃昏時沙灘上學生不到一成，真的覺得很可惜。 這就只有帶來不便，不曉得學校對這個門的堅持到底是什麼？還有海域中心除了上課時間外，鐵捲門、側門都關緊緊，裡面有沒有人都不知道。,2026-05-27 09:41:33,16,13,https://www.dcard.tw/f/nsysu/p/261558725,因為裡面的老師教練要下班了…,真的不知道是在鎖誰只會造成麻煩，而且西子灣本來就是開放海域,夕陽是留給遊客看的，不是留給學生的,海域中心不是學生的，是管理員的 是社團的,是完全不能進沙灘嗎？不是有其他出入口？,真的是蠢爆的設計 但反正我是都直接翻牆,,,,,,,,,,,,,,,,,,,,,,,,,,,,,,,,,,,,,,,,,,,,,,,,,,,,,,,,,,,,,,,,,,,,,,,,,,,,,,,,,,,,,,,,,,,,,,
261558275,再說一次 長得帥的不準健身,二健有點太多建模怪了,2026-05-27 08:29:05,7,3,https://www.dcard.tw/f/nsysu/p/261558275,那都是gay,比如呢,抽一個健身帥哥,,,,,,,,,,,,,,,,,,,,,,,,,,,,,,,,,,,,,,,,,,,,,,,,,,,,,,,,,,,,,,,,,,,,,,,,,,,,,,,,,,,,,,,,,,,,,,,,,
261555700,幹你娘一直失眠,老子有1000萬哈哈哈哈哈幹好爽,2026-05-26 21:19:15,3,12,https://www.dcard.tw/f/nsysu/p/261555700,我也失眠但我的1000萬呢,真假啦！貼出你的新聞,失眠建議去看開心診所 醫生人很不錯 很棒,請我吃飯,一樣 當時600多買台積，原本都要跳了結果漲到2000多，最近書是一點都讀不下去,,,,,,,,,,,,,,,,,,,,,,,,,,,,,,,,,,,,,,,,,,,,,,,,,,,,,,,,,,,,,,,,,,,,,,,,,,,,,,,,,,,,,,,,,,,,,,,
261553987,2026暑假聽見冒險的聲音🎵,今年夏天，你願意和我們一起，重新認識「共融」嗎？👂✨  第12屆＜聽見冒險的聲音＞夥伴招募正式開始啦🔥  在聽冒，我們一直相信—— 「共融」不是誰幫助誰，而是彼此一起生活、一起冒險。  今年暑假，我們將前往宜蘭🌿 除了經典活動外，也將舉辦「親子畢業露營」🏕️ 陪伴一路成長的學員與家長，一起回顧這幾年的改變與冒險。  如果你： 🌱 對身障議題、教育、特教、心理、社工等領域有興趣 🌱 喜歡與人交流、願意感受不同的生命經驗 🌱 想在大學生活裡，擁有一場真正難忘的共融冒險  那小音想偷偷跟你說—— 也許，你很適合來聽冒💛  📌 夥伴招募開跑中！ 讓我們一起在這個夏天， 重新學習「看見彼此」的方式吧👂✨  📌 報名表單：,2026-05-26 13:41:54,2,0,https://www.dcard.tw/f/nsysu/p/261553987,,,,,,,,,,,,,,,,,,,,,,,,,,,,,,,,,,,,,,,,,,,,,,,,,,,,,,,,,,,,,,,,,,,,,,,,,,,,,,,,,,,,,,,,,,,,,,,,,,,,
261553688,售 小冰箱,價格： 1000（可幫忙搬，限翠亨L棟）、800（自取） 6/8過後可搬走,2026-05-26 12:51:07,2,5,https://www.dcard.tw/f/nsysu/p/261553688,請問功能正常嗎,,,,,,,,,,,,,,,,,,,,,,,,,,,,,,,,,,,,,,,,,,,,,,,,,,,,,,,,,,,,,,,,,,,,,,,,,,,,,,,,,,,,,,,,,,,,,,,,,,,
261551449,受試者招募最後75位,這意思是我去了可能拿到兩千塊的意思嗎,2026-05-26 06:21:25,0,2,https://www.dcard.tw/f/nsysu/p/261551449,,,,,,,,,,,,,,,,,,,,,,,,,,,,,,,,,,,,,,,,,,,,,,,,,,,,,,,,,,,,,,,,,,,,,,,,,,,,,,,,,,,,,,,,,,,,,,,,,,,,
261551085,徵除濕機,想徵除濕機！如果有要畢業的學長姐學弟妹們不想帶走，願意賣二手的話，歡迎來聯絡我！ 祝各位畢業快樂🎓,2026-05-26 05:06:44,0,1,https://www.dcard.tw/f/nsysu/p/261551085,,,,,,,,,,,,,,,,,,,,,,,,,,,,,,,,,,,,,,,,,,,,,,,,,,,,,,,,,,,,,,,,,,,,,,,,,,,,,,,,,,,,,,,,,,,,,,,,,,,,
261550903,成大也就這點水準？,哈哈,2026-05-26 04:35:09,2,4,https://www.dcard.tw/f/nsysu/p/261550903,書大必有枯枝，人多必有白癡,但另一個方面想  猴子那麼多我們抓不到一隻  但魚那麼大他們卻抓得到 說真的還滿猛的,,,,,,,,,,,,,,,,,,,,,,,,,,,,,,,,,,,,,,,,,,,,,,,,,,,,,,,,,,,,,,,,,,,,,,,,,,,,,,,,,,,,,,,,,,,,,,,,,,
261549105,5/20離散數學PPT 請喝飲料😭,誠懇詢問有沒有上陳伯煒老師的離散數學的同學 能夠給我5/20上課的ppt😭  我5/20當天請假  原本想說這禮拜三再次找助教補拍之類的 再不行問問班上同學能不能借拍 結果沒想到長達兩周都是線上看影片 助教也說沒有留檔案無法幫忙 想問有沒有離散的同學願意救救 我會買好飲料送到指定的位置 任選😭  若有好心的同學麻煩請您留下您的line我去加您😭,2026-05-25 16:42:37,0,9,https://www.dcard.tw/f/nsysu/p/261549105,若都找不到人 我這裡是有前年的上課內容資料 每年上課內容應該差異不大 看要不要先當備案吧,我有拍到,我也有拍到,,,,,,,,,,,,,,,,,,,,,,,,,,,,,,,,,,,,,,,,,,,,,,,,,,,,,,,,,,,,,,,,,,,,,,,,,,,,,,,,,,,,,,,,,,,,,,,,,
261547287,活動分享：民主學校第八期 x AI,【民主學校第八期：有志一同，AI時代的造浪者】報名開始！！  —— 這不只是一場營隊，更是為青年量身打造的 AI × 工作實務 × 公共事務訓練 ——  民主學校首次南下高雄，希望培養下一代具備思辨能力、實務能力與 AI 工具運用能力的青年人才。不論你來自政治、法律、傳播、商管、工程、醫學，甚至完全跨領域，只要對公共事務有熱情，都歡迎報名。  我們特別邀請具備深厚實務經驗的業界人士與政治工作者，透過親自授課與分享，希望讓青年了解：AI時代的競爭力，不只是技術，更是思考、溝通與影響力。  我們也將認真看待每一位學員的能力與潛力。營隊期間表現優異者，將獲得後續進階培訓，以及進入國會、議會或市府實習的機會。  📍時間｜２０２６ 年 ７／４（六）－７／５（日） 📍地點｜高雄 📍對象｜１８－３０ 歲，對公共事務具熱忱之青年（限額 ４０ 名） 📍報名方式｜點選下方連結線上報名，填寫資料並提交審查內容（錄取者將收到 E-mail 通知，收到信件後請依指示完成：簽署參加切結書、加入 Line 群組等作業）  🔗 報名連結｜,2026-05-25 11:57:13,2,0,https://www.dcard.tw/f/nsysu/p/261547287,,,,,,,,,,,,,,,,,,,,,,,,,,,,,,,,,,,,,,,,,,,,,,,,,,,,,,,,,,,,,,,,,,,,,,,,,,,,,,,,,,,,,,,,,,,,,,,,,,,,
261547194,最近畢業季想到我以前畢業旅行的不好回憶,國小畢旅前在分配房間   因為我沒什麼朋友   所以被分配到同樣剩下來的同學同一間   我回家問了媽媽   「媽媽…能不能不去畢旅…」   「錢都繳了，現在已經不能退了，好好去玩吧」   我在房間哭了半小時…   默默睡著了   到了當天   我沒什麼心情   別人都在吃餅乾、玩傳說自訂5v5   就我一個在看書 旁邊的不熟的同學也不發一語   好久好久   終於到了第一站-安平古堡   現在想起來也覺得那領隊也很雞巴   到處介紹 還不能滑手機 連書都不給看   只能聽他講話   過了大概半小時吧   「現在開始自由時間，半小時後要回來集合喔！」   終於可以自己去晃晃了   我跑到離人群很遠的地方   「前面怎麼有那麼多人？」   我偷偷躲在一旁   「咖！休息一下旁邊有便當，一小時後繼續拍攝，Amy你去買些飲料給劇組的人喝」   原來是電視節目的人阿！好酷喔！   突然有個人偷偷摸摸跑到後面   「好眼熟…」   我跟了過去   看到那一幕我嚇了一跳 我被震驚了三觀   幹曾國成在古蹟抽菸,2026-05-25 11:42:09,14,2,https://www.dcard.tw/f/nsysu/p/261547194,有料,起承轉曾國城在古蹟抽煙,,,,,,,,,,,,,,,,,,,,,,,,,,,,,,,,,,,,,,,,,,,,,,,,,,,,,,,,,,,,,,,,,,,,,,,,,,,,,,,,,,,,,,,,,,,,,,,,,,
261547097,管院、社科院2001 物品遺失,不好意思 想請問有人在管院、社科院尋獲金色手鏈一枚嗎？,2026-05-25 11:22:10,2,0,https://www.dcard.tw/f/nsysu/p/261547097,,,,,,,,,,,,,,,,,,,,,,,,,,,,,,,,,,,,,,,,,,,,,,,,,,,,,,,,,,,,,,,,,,,,,,,,,,,,,,,,,,,,,,,,,,,,,,,,,,,,
261547074,租房推薦,幫我的好房東推一下！有興趣的可以直接加賴問房東～  雅房及套房：限中山大學女學生  地址: 高雄市鹽埕區建國四路154號（後棟）  租金: 4800 至 5500元／月  房間設備：冷氣，桌椅，衣櫃及書櫃...等  想要預約看房 或 先看房間內影片  請加賴：0912186323。    曾先生,2026-05-25 11:17:23,3,10,https://www.dcard.tw/f/nsysu/p/261547074,想問可租補嗎,,,,,,,,,,,,,,,,,,,,,,,,,,,,,,,,,,,,,,,,,,,,,,,,,,,,,,,,,,,,,,,,,,,,,,,,,,,,,,,,,,,,,,,,,,,,,,,,,,,
261546917,最新 / 學生沒有投票權的合校公投？,1. 關於合校意願/校名公投，目前校方似乎比較傾向不舉辦。 2. 即使舉辦公投，目前校方似乎也比較傾向排除學生。 3. 個人從紀錄裡看起來的感覺是教師方的合校意願似乎也偏低，好奇該不會對合校議題有疑慮的師生剛好都不在校務會議裡吧？ 4. 歡迎參考最新公聽會紀錄後分享你/妳的看法！  最新合校公聽會紀錄： 學生場：,2026-05-25 10:52:39,6,4,https://www.dcard.tw/f/nsysu/p/261546917,當初說會舉辦公投的也是學校 看紀錄來說學校對於每個問題也沒採取正面回應的問題 只是想先合再說的想法感覺也沒有變 但我們也不知道能怎麼辦,不希望合併 我也在想公投呢？！！！ 校方選擇性不聽學生意見🙉,,,,,,,,,,,,,,,,,,,,,,,,,,,,,,,,,,,,,,,,,,,,,,,,,,,,,,,,,,,,,,,,,,,,,,,,,,,,,,,,,,,,,,,,,,,,,,,,,,
261545794,Optimal choice,資工系一直被別人說會被 AI 取代，然後在系上我的程式能力也不強，現在被期末壓到快喘不過氣，是不是應該轉去電機系會比較好？,2026-05-25 07:42:26,2,35,https://www.dcard.tw/f/nsysu/p/261545794,同問,這邊覺得快逃不要來 我快被卷爛了,我覺得電機系不會比資工系輕鬆,？,版主大一就那麼累？才6學分誒,+1,沒事啦學弟，你本科回頭看會發現在台灣資工只輸ee，金融根本爛,首先，不是進電機系就一定有工作，每個系都一樣要卷過別人，展現出自己的價值才有工作，如果你的價值不夠就會被AI取代。 第二，未來是未知的，以現在的發展速度來看，你畢業後世界風向又完全不一樣了，你現在學的東西就是在買股票，會漲會跌誰都不清楚。 如果你是天才就專注研讀某個領域到登峰造極；如果你不是就熟讀數個領域，就算AI再強也要有對設計一定理解的人下指令，你懂得越多越能操控AI，越不容易被AI搶工作  以上純屬個人觀點,,,,,,,,,,,,,,,,,,,,,,,,,,,,,,,,,,,,,,,,,,,,,,,,,,,,,,,,,,,,,,,,,,,,,,,,,,,,,,,,,,,,,,,,,,,,
261544968,游泳求助,這週末想找會游泳的同學教我一下游泳，有上游泳課，但我完全學不會換氣+蛙腳偶爾會有問題，所以想補救一下，週五或週六下午都可以。女生優先，練習完後我請你喝飲料😭,2026-05-25 05:11:16,0,9,https://www.dcard.tw/f/nsysu/p/261544968,我推薦一個很厲害的男生叫蔡宗晏,推薦我本人 雖然不是生理女 但也不是心理女 反正推薦我本人,又是限女 我要剁掉了,現在泳池是有開的嗎,推薦中山機電古浩維地表最強蛙人,,,,,,,,,,,,,,,,,,,,,,,,,,,,,,,,,,,,,,,,,,,,,,,,,,,,,,,,,,,,,,,,,,,,,,,,,,,,,,,,,,,,,,,,,,,,,,,
261544564,徵室友！,徵求兩位室友🥹這裡生活很方便、裝潢也很漂亮，歡迎來看看！  愛河夜景，高級小木屋家庭式分租 【地址】：鹽埕區七賢三路264號9樓（有電梯） 【房型】：單間雅房（一間4500、一間5500） 【類型】：三房一衛一廳，外加一閣樓，跟一超大陽台！ 【裝潢】：全屋大理石地板，水晶吊燈，小木屋式裝潢 【租期】：一年 【水電】：電費一度4元，免水費 【性別】：男 【家電】：洗衣機、冰箱、變頻冷氣 【家具】：書桌椅、雙人床板、舒適的彈簧床墊、衣櫃、鞋櫃 【入住時間】：2026/7/1 【聯絡方式】： Dcard私訊/IG:youen_k_k  限制：不抽煙、要注意音量不能太吵  【說明】：騎車後門上山到學校只要5分鐘。生活機能便利，「走路一分鐘」範圍內有蝦皮智取店、全聯、711、肉粽泰、水源羊肉湯、吳家紅茶冰、鹽酥雞、北港蔡三代。房子在9樓也不用擔心對面香過來。 騎車三分鐘的範圍內還有家樂福、小北、早餐店和一堆食物跟各種機車行，生活方便。晚上也可以到愛河旁運動。,2026-05-25 03:49:51,11,6,https://www.dcard.tw/f/nsysu/p/261544564,我怎麼記得這裡是頂樓加蓋，能租補嗎,太高級,看起來真不錯，可惜我簽約了🥲,那個梯子上去是哪裡啊,,,,,,,,,,,,,,,,,,,,,,,,,,,,,,,,,,,,,,,,,,,,,,,,,,,,,,,,,,,,,,,,,,,,,,,,,,,,,,,,,,,,,,,,,,,,,,,,
261544481,問個,（此貼文為純圖片、轉貼連結或無內文摘要）,2026-05-25 03:30:09,0,0,https://www.dcard.tw/f/nsysu/p/261544481,,,,,,,,,,,,,,,,,,,,,,,,,,,,,,,,,,,,,,,,,,,,,,,,,,,,,,,,,,,,,,,,,,,,,,,,,,,,,,,,,,,,,,,,,,,,,,,,,,,,
261544396,二健划船機要修了沒啦,半學期了吧,2026-05-25 03:10:45,5,1,https://www.dcard.tw/f/nsysu/p/261544396,左轉健工,,,,,,,,,,,,,,,,,,,,,,,,,,,,,,,,,,,,,,,,,,,,,,,,,,,,,,,,,,,,,,,,,,,,,,,,,,,,,,,,,,,,,,,,,,,,,,,,,,,
261543542,我需要這些酷東西,懇求各位大大施捨你們的美食清單 我好需要這些酷東西  包括但不限於高雄 感激不盡 痛哭流涕,2026-05-24 20:26:52,8,3,https://www.dcard.tw/f/nsysu/p/261543542,麗文書局,中山大學美髮部,,,,,,,,,,,,,,,,,,,,,,,,,,,,,,,,,,,,,,,,,,,,,,,,,,,,,,,,,,,,,,,,,,,,,,,,,,,,,,,,,,,,,,,,,,,,,,,,,,
261542012,大腸包小腸,想知道有沒有推薦常駐在賣的，突然好想吃，如果可以的話最好是現在有開的店，馬上殺去買,2026-05-24 13:55:20,2,6,https://www.dcard.tw/f/nsysu/p/261542012,幽靈香腸車攤,等你找到帶我一起吃,高雄的都有花生😭 我真的無法,哈瑪星捷運站那裡有一間 我覺得就是樸實價 可以試試 不過只開到19.的樣子 叫香玲,我也想吃腸腸～,捷運站對面 好吃巨推,,,,,,,,,,,,,,,,,,,,,,,,,,,,,,,,,,,,,,,,,,,,,,,,,,,,,,,,,,,,,,,,,,,,,,,,,,,,,,,,,,,,,,,,,,,,,,
261541387,徵一起備考的同學,最近一個人在家看課一直偷懶又拖延，想找個人約出來圖書館或咖啡廳一起讀書，希望是女生！,2026-05-24 12:04:20,0,6,https://www.dcard.tw/f/nsysu/p/261541387,幹 我剁掉好了 租屋也是要女生 家教也是要女生 連一起讀書也是要女生,,,,,,,,,,,,,,,,,,,,,,,,,,,,,,,,,,,,,,,,,,,,,,,,,,,,,,,,,,,,,,,,,,,,,,,,,,,,,,,,,,,,,,,,,,,,,,,,,,,
261539598,送 國際牌折疊吹風機（暫無）,Rt 我買新的吹風機了 這台用不到 有使用痕跡（輕微刮痕 ） 功能上出風量還有熱度都很夠 我自己之前中長髮也吹很快就乾了  請有需要的人私訊我 哈瑪星附近自取,2026-05-24 05:22:06,0,1,https://www.dcard.tw/f/nsysu/p/261539598,,,,,,,,,,,,,,,,,,,,,,,,,,,,,,,,,,,,,,,,,,,,,,,,,,,,,,,,,,,,,,,,,,,,,,,,,,,,,,,,,,,,,,,,,,,,,,,,,,,,
261539488,求租,想問有沒有學長姐剛好準備退租，或身邊有人有房源、要轉租的話，希望可以介紹給我！  需求大概如下：  【房型】：獨立套房/套房 【地點】：學校附近、鼓山區/鹽埕區/前金區 【租金預算】： 可租補：10000元以內 無租補：8000元以內 （價錢可以稍微調整）  【其他條件】： 冷氣 飲水機 對外窗（希望採光、通風好） 基本家具（衣櫃、床架、書桌等） 洗衣機  【入住時間】：隨時皆可  如果有覺得不錯的房子，都非常歡迎推薦給我！ 謝謝大家的幫忙～,2026-05-24 04:59:02,1,10,https://www.dcard.tw/f/nsysu/p/261539488,哈囉如果是家庭式的可以嗎 我們還缺一個室友～ 在鹽埕區 騎後門進學校五分鐘就到了 會有兩位室友（都女生 一個不常在） 雅房租金扣租補後一個月$2600左右 套房扣租補一個月$3500內 台水台電 也有電磁爐可以煮飯 有興趣可以再跟我說！,,,,,,,,,,,,,,,,,,,,,,,,,,,,,,,,,,,,,,,,,,,,,,,,,,,,,,,,,,,,,,,,,,,,,,,,,,,,,,,,,,,,,,,,,,,,,,,,,,,
261538188,求Youtube primium 有沒有人缺或者要一起的！,最近跟fb社團的一直出狀況，聽說是有人在國外還想一起用，所以被抓死了，所以想問問有沒有人有缺或者一起的，不然沒有音樂我快死掉了。,2026-05-23 18:16:18,0,0,https://www.dcard.tw/f/nsysu/p/261538188,,,,,,,,,,,,,,,,,,,,,,,,,,,,,,,,,,,,,,,,,,,,,,,,,,,,,,,,,,,,,,,,,,,,,,,,,,,,,,,,,,,,,,,,,,,,,,,,,,,,
261537846,好抽嗎,宿舍廁所是來抽菸的？,2026-05-23 16:53:16,2,1,https://www.dcard.tw/f/nsysu/p/261537846,可揪？,,,,,,,,,,,,,,,,,,,,,,,,,,,,,,,,,,,,,,,,,,,,,,,,,,,,,,,,,,,,,,,,,,,,,,,,,,,,,,,,,,,,,,,,,,,,,,,,,,,
261537811,宿服組背心有管道可以買嗎,rt,2026-05-23 16:43:55,4,4,https://www.dcard.tw/f/nsysu/p/261537811,想買 想了解 可加一？,87,買宿服組的背心幹嘛?,,,,,,,,,,,,,,,,,,,,,,,,,,,,,,,,,,,,,,,,,,,,,,,,,,,,,,,,,,,,,,,,,,,,,,,,,,,,,,,,,,,,,,,,,,,,,,,,,
261537799,為什麼不能買畢業袍,中山畢業袍跟人家不一樣 外面根本買不到 想要買新的還不能買 只能租別人穿過的,2026-05-23 16:42:42,9,13,https://www.dcard.tw/f/nsysu/p/261537799,宿服組背心也買不到,你滿意的話，可以說不見了然後賠一千多塊，只是頂多就是買到二手的,其實還的時候說不見就好，給學校一千多那個就是你的了，缺點是只有二手,其實要買的話也是可以，這個是做畢業袍的廠商，我是租的時候直接問跟學校問可以在哪裡買的。,這邊借板問個 畢業後還能找學校租嗎 不同校的高中同學想約拍大學畢業照 他們是到18週 但是我們到16週 那時已經畢業，學士袍歸還了,但那個材質真的破的不行欸,,,,,,,,,,,,,,,,,,,,,,,,,,,,,,,,,,,,,,,,,,,,,,,,,,,,,,,,,,,,,,,,,,,,,,,,,,,,,,,,,,,,,,,,,,,,,,
261537587,【115學年管理顧問及產業研究社幹部招募】,覺得大學生活很無聊，想⋯ ✅累積活動舉辦經驗? ✅透過社團拓展人脈? ✅深入了解商管知識?  中山管理顧問及產業研究社正在尋找⋯ 對管顧、產研領域充滿熱情的幹部！✨ 經驗科系皆不拘 只要你對管顧或產研其中一個領域有熱情❤️‍🔥 進來就可以好好充實自己💪 這絕對是讓履歷更加亮眼的好機會！  如果你還沒決定新的學期要做什麼， 那推薦你立刻報名 收穫經驗滿滿的一年🔥  —— 管顧社在做什麼? —— 引導社員接觸商業策略及深入了解個別產業，並透過商業個案分析培養實作能力，同時帶領社員運用管理顧問的商業思維解決問題，帶來學校課程沒有教的實務技能，為職涯提前做好準備!  —— 我們在招募什麼職位？—— 🔍社長 | 全局總指揮，掌握社團命運 ➲ 全局規劃 × 領導統籌 × 專案管理 🔍副社長 | 最佳副手，穩定團隊節奏 ➲ 團隊協調 × 策略思維 × 行政溝通 🔍活動長 | 讓活動從無到有的靈魂策劃者 ➲ 活動企劃 × 流程控管 × 跨部門協作 🔍資訊長 | 讓資料井然有序的最強角色 ➲ 資料整理 × 系統化管理 × 效率優化 🔍公關暨財務長 | 會溝通又會管錢的全能角色 ➲ 對外溝通 × 贊助洽談 × 財務記帳 🔍行銷長 | 負責讓全世界認識我們 ➲社群經營 × 圖文設計 × 受眾洞察 🔍儲備幹部 | 準未來幹部，適合想先練練手的你 ➲活動紀錄 × 行政支援 × 實務操作  —— 申請條件 —— 📢115學年度於中山大學在學 📢能參與整學期社團活動(能配合二學期以上優先錄取) 📢對管理顧問、產業研究等商管知識有學習興趣 📢願意全心投入社團經營 📢不限科系與年級，歡迎大學部及研究所的夥伴  —— 招募時程 —— 📝 招募時間｜即日起—5/30 📩 面試通知｜5/30—5/31 👥 面試時間｜6/1—6/5 📢 結果通知｜6/6（依實際情況可能提前）  🔗報名連結｜,2026-05-23 15:53:37,0,0,https://www.dcard.tw/f/nsysu/p/261537587,,,,,,,,,,,,,,,,,,,,,,,,,,,,,,,,,,,,,,,,,,,,,,,,,,,,,,,,,,,,,,,,,,,,,,,,,,,,,,,,,,,,,,,,,,,,,,,,,,,,
261537302,有償 求惠芳老師的資結簡報,之前上過老師的課，覺得老師上得很棒，這學期沒機會修想看看能不能拿到她的簡報自己學習,2026-05-23 15:04:06,0,1,https://www.dcard.tw/f/nsysu/p/261537302,我覺得你可以寄 mail 給教授，這樣應該比較不會有問題,,,,,,,,,,,,,,,,,,,,,,,,,,,,,,,,,,,,,,,,,,,,,,,,,,,,,,,,,,,,,,,,,,,,,,,,,,,,,,,,,,,,,,,,,,,,,,,,,,,
261535987,幹好扯喔，出不去宿舍,還真,2026-05-23 10:41:38,31,9,https://www.dcard.tw/f/nsysu/p/261535987,給他一腳就老實了…,卡後續,你手上不是拿著東西嗎 敲下去開路啊,哪一棟?,你被大學長盯上了,,,,,,,,,,,,,,,,,,,,,,,,,,,,,,,,,,,,,,,,,,,,,,,,,,,,,,,,,,,,,,,,,,,,,,,,,,,,,,,,,,,,,,,,,,,,,,,
261535422,祝大家畢業快樂🎓,到新學校都一切順利～,2026-05-23 08:28:19,6,0,https://www.dcard.tw/f/nsysu/p/261535422,,,,,,,,,,,,,,,,,,,,,,,,,,,,,,,,,,,,,,,,,,,,,,,,,,,,,,,,,,,,,,,,,,,,,,,,,,,,,,,,,,,,,,,,,,,,,,,,,,,,
261535133,二健一樓的划船機到底是要修多久,如題,2026-05-23 07:18:28,4,2,https://www.dcard.tw/f/nsysu/p/261535133,確實 之前腿的馬上就修好了,建議打1999試試，放這麼久壓根沒打算修,,,,,,,,,,,,,,,,,,,,,,,,,,,,,,,,,,,,,,,,,,,,,,,,,,,,,,,,,,,,,,,,,,,,,,,,,,,,,,,,,,,,,,,,,,,,,,,,,,
261532919,求租屋,（此貼文為純圖片、轉貼連結或無內文摘要）,2026-05-22 17:07:28,0,0,https://www.dcard.tw/f/nsysu/p/261532919,,,,,,,,,,,,,,,,,,,,,,,,,,,,,,,,,,,,,,,,,,,,,,,,,,,,,,,,,,,,,,,,,,,,,,,,,,,,,,,,,,,,,,,,,,,,,,,,,,,,
261532305,求租手推車,（此貼文為純圖片、轉貼連結或無內文摘要）,2026-05-22 15:06:12,0,7,https://www.dcard.tw/f/nsysu/p/261532305,,,,,,,,,,,,,,,,,,,,,,,,,,,,,,,,,,,,,,,,,,,,,,,,,,,,,,,,,,,,,,,,,,,,,,,,,,,,,,,,,,,,,,,,,,,,,,,,,,,,
261531839,畢業典禮進場時間,（此貼文為純圖片、轉貼連結或無內文摘要）,2026-05-22 13:49:57,2,2,https://www.dcard.tw/f/nsysu/p/261531839,,,,,,,,,,,,,,,,,,,,,,,,,,,,,,,,,,,,,,,,,,,,,,,,,,,,,,,,,,,,,,,,,,,,,,,,,,,,,,,,,,,,,,,,,,,,,,,,,,,,
261531838,什麼廁所,（此貼文為純圖片、轉貼連結或無內文摘要）,2026-05-22 13:49:55,0,0,https://www.dcard.tw/f/nsysu/p/261531838,,,,,,,,,,,,,,,,,,,,,,,,,,,,,,,,,,,,,,,,,,,,,,,,,,,,,,,,,,,,,,,,,,,,,,,,,,,,,,,,,,,,,,,,,,,,,,,,,,,,
261529453,拆你媽,繼續狗叫就是我也一起去拆,2026-05-22 06:30:57,4,4,https://www.dcard.tw/f/nsysu/p/261529453,他不喜歡拆喔，爽啦再揪人去弄他,還好吧，有多點帳號不就一定守的住,有沒有可能是一人多帳的阿北,,,,,,,,,,,,,,,,,,,,,,,,,,,,,,,,,,,,,,,,,,,,,,,,,,,,,,,,,,,,,,,,,,,,,,,,,,,,,,,,,,,,,,,,,,,,,,,,,
261529413,媽的抓癢抓太大力直接磨損,走路只能腳走八字幹,2026-05-22 06:25:19,1,5,https://www.dcard.tw/f/nsysu/p/261529413,磨損是三小 你抓包皮喔,建議套反戴,,,,,,,,,,,,,,,,,,,,,,,,,,,,,,,,,,,,,,,,,,,,,,,,,,,,,,,,,,,,,,,,,,,,,,,,,,,,,,,,,,,,,,,,,,,,,,,,,,
261529154,超X電音趴 XXX,推 高雄排隊希望就靠這場了,2026-05-22 05:34:09,5,4,https://www.dcard.tw/f/nsysu/p/261529154,女生會多嗎,推,,,,,,,,,,,,,,,,,,,,,,,,,,,,,,,,,,,,,,,,,,,,,,,,,,,,,,,,,,,,,,,,,,,,,,,,,,,,,,,,,,,,,,,,,,,,,,,,,,
261524945,圓環,講幾次外面要讓裡面還是有人聽不懂,2026-05-21 11:01:14,18,16,https://www.dcard.tw/f/nsysu/p/261524945,好險我都逆向,那個圓環設計的真的很糟 從全家上來的左側視野盲區完全看不到是否有來車 又加上高低差 超級危險,我之前看過一台迪爵走中間穿過去,,,,,,,,,,,,,,,,,,,,,,,,,,,,,,,,,,,,,,,,,,,,,,,,,,,,,,,,,,,,,,,,,,,,,,,,,,,,,,,,,,,,,,,,,,,,,,,,,
261524904,跑步團,自己跑好無聊 有人要一起跑嗎（純跑步 不社交也可以）,2026-05-21 10:54:38,0,2,https://www.dcard.tw/f/nsysu/p/261524904,你配速多少,,,,,,,,,,,,,,,,,,,,,,,,,,,,,,,,,,,,,,,,,,,,,,,,,,,,,,,,,,,,,,,,,,,,,,,,,,,,,,,,,,,,,,,,,,,,,,,,,,,
261524641,缺德人移車到路中央-國研猴子停車場,我的機車好好 標準的 停在國研猴子停車場最邊緣靠猴子戰場那排！ 一下班看到機車被移到擋住機車騎行的路上！不知情的還以為我是個缺德人停的⋯⋯ 馬的哪個缺德的人士？移車理由到底是什麼… 明明還有海堤停車場可以停就不騎過去誒！ 移別人車到路上 倒底什麼意思 傻眼 詛咒那個人不得好S 真的是很想調監視器 看看這個北爛的人是誰 馬的氣死  確切移車時間應該是10-12:30，就準確告訴你 最好知道你移車到路中央超級缺德！！！,2026-05-21 10:00:39,2,2,https://www.dcard.tw/f/nsysu/p/261524641,幹真的啊 亂移車的人都會岩壁😋,可能某些寂寞無害的猴子去移車的吧 祝他們頭頂綠色外加岩壁,,,,,,,,,,,,,,,,,,,,,,,,,,,,,,,,,,,,,,,,,,,,,,,,,,,,,,,,,,,,,,,,,,,,,,,,,,,,,,,,,,,,,,,,,,,,,,,,,,
261524023,請問這是在練哪?,只敢踩細狗用的啞鈴 幸好我都不用這麼輕的  下次踩踩看15 20的看會不會被扁,2026-05-21 08:14:10,11,16,https://www.dcard.tw/f/nsysu/p/261524023,舔一下就起來了,對不起啦我比較系 飛鳥還在用10公斤的飛,好細的腳,賤種,能公布樣子嗎 我平常剛好都用那個...,足弓緊繃放鬆足底筋膜改善脛骨內旋,沒人可以這麼對待我的雅玲！！,,,,,,,,,,,,,,,,,,,,,,,,,,,,,,,,,,,,,,,,,,,,,,,,,,,,,,,,,,,,,,,,,,,,,,,,,,,,,,,,,,,,,,,,,,,,,
261523646,半夜在聊天的同學,麻煩晚上12點左右在捷特快剪附近巷子聊天的同學 若您是中山大學的學生 麻煩您不要在半夜大聲聊天 真的非常擾人,2026-05-21 07:08:26,0,0,https://www.dcard.tw/f/nsysu/p/261523646,,,,,,,,,,,,,,,,,,,,,,,,,,,,,,,,,,,,,,,,,,,,,,,,,,,,,,,,,,,,,,,,,,,,,,,,,,,,,,,,,,,,,,,,,,,,,,,,,,,,
261523461,鼓山二路2個雅房出租,更： 4樓的沒了  租屋代Po 雅房有陽台可以曬衣服 性別不限！  》類型：為家庭式整層住家三房一廳，兩個雅芳， 一個套房 》地點：高雄市鼓山區鼓山二路178巷 (近鼓山區公所輕軌、郵局) 》樓層：4F/5F (個剩兩房， 其他都是是中山學生) 》起租日： 2026/7/1(1個房間)， 9/1(一個房間)， 至少租一年 》房租：$2500元/月 （房東好佛， 10幾年沒漲價了） 》押金：1個月 》水電網路：台電台水費、網路費100/月 》房間設施：書桌*1、椅*1、床、大衣櫃、冷氣， 陽台 》公共設施：冰箱、洗衣機(不用投幣)、wifi、熱水。 》生活機能： 1. 交通：鹽埕捷運站&兩個YouBike站、駁二輕軌、巷子口公車站牌 1. 超商超市：7-11、郵局 3. 垃圾：房東會幫忙丟  房東是一個阿媽沒用社群媒體， 直接私訊我 房間的牆很厚，隔音不錯， 房東會請人打掃公共空間,2026-05-21 06:42:55,3,4,https://www.dcard.tw/f/nsysu/p/261523461,還有嗎？可以給一下聯繫方式嗎？,請問9/1的還有嗎,,,,,,,,,,,,,,,,,,,,,,,,,,,,,,,,,,,,,,,,,,,,,,,,,,,,,,,,,,,,,,,,,,,,,,,,,,,,,,,,,,,,,,,,,,,,,,,,,,
261523432,20260521 請協尋 白色IPHONE16 手機  (廠商遺失),各位好，  半導體學院今天5/21 中午左右， 廠商來訪時，並告知來電資大樓的路上，遺失了 白色IPHONE 16 的手機， 懇請大家幫忙注意並協尋之， 謝謝大家  若有尋獲，請 撥分機#6637   [ 感恩],2026-05-21 06:37:31,0,1,https://www.dcard.tw/f/nsysu/p/261523432,非常謝謝大家的幫忙，及電資大樓 7樓 的同學幫忙， 已收到遺失物品! 並通知廠商前來學校領取了.  謝謝喔,,,,,,,,,,,,,,,,,,,,,,,,,,,,,,,,,,,,,,,,,,,,,,,,,,,,,,,,,,,,,,,,,,,,,,,,,,,,,,,,,,,,,,,,,,,,,,,,,,,
261523083,北科大研究生墜樓亡，我們呢？,在社交媒體上出現大量這則新聞  在海工系，我被兩個指導教授趕出研究室 因此住了五次精神科病院，自殺未遂無數次 被用異樣眼光來看待我這個正常人 上課用歧視或完全不理的態度來貶低我 計畫做到沒日沒夜，還被批評做不好 權力不對等，發了言，又反覆收回，互相猜忌 於是，學校的頂樓成了我最常去的地方 頂樓上哪個門有上鎖，哪個門沒上鎖，我一清二楚 我曾經告訴我媽，如果哪一次我自殺成功了，請去提告這兩個教授殺人罪  有些指導教授真的會仗著權勢，與學生形成完全不對等關係，學生也是人啊 現在我也是朝九晚九假日待研究室啊，但是是自願這麼做的，給我自己研究的空間，我還是有辦法把研究做好、paper 寫出來啊,2026-05-21 05:34:19,10,18,https://www.dcard.tw/f/nsysu/p/261523083,海下所舒服多了,這邊的真的特別多鬼的故事 比起其他幾間學校,我就想到我朋友跟我講他的鬼故事…還好他順利畢業了,要不要考慮直接別唸了？或者換個跟半導體有關的去唸？出來進去台積電，撐個15年退休。即便不做台積電，去做水電也是收入很高喔！ 人生的路很長，卡在一個點上太累，旁邊還有一大堆選項。,好奇哪兩間實驗室？,,,,,,,,,,,,,,,,,,,,,,,,,,,,,,,,,,,,,,,,,,,,,,,,,,,,,,,,,,,,,,,,,,,,,,,,,,,,,,,,,,,,,,,,,,,,,,,
261522876,謝謝剛剛給我飲料的同學,因為今天血糖過低差點暈倒，所以在公車上直接跟你要一瓶飲料，真的很感謝！喝完現在身體好很多了 如果你是那位同學麻煩私訊我 非常感謝🥺,2026-05-21 04:56:48,2,0,https://www.dcard.tw/f/nsysu/p/261522876,,,,,,,,,,,,,,,,,,,,,,,,,,,,,,,,,,,,,,,,,,,,,,,,,,,,,,,,,,,,,,,,,,,,,,,,,,,,,,,,,,,,,,,,,,,,,,,,,,,,
261522555,體育組那個有校內高官父親的行政人員,致那個體育組的巨嬰： 行政人員午休時間不是12點開始嗎？ 為什麼很常時間還沒到就看到你離開崗位啊？ 最近幾次去運動都看到， 工讀生提早到崗位後你就直接烙跑去午休了欸？ 還是爸爸是校內行政高官就可以提早15-30分鐘午休？ 把校內行政當家族企業做真是好大的官威。,2026-05-21 03:54:11,7,1,https://www.dcard.tw/f/nsysu/p/261522555,公布一下名字,,,,,,,,,,,,,,,,,,,,,,,,,,,,,,,,,,,,,,,,,,,,,,,,,,,,,,,,,,,,,,,,,,,,,,,,,,,,,,,,,,,,,,,,,,,,,,,,,,,
261522296,嗨,誰要出企玩,2026-05-21 03:10:14,0,6,https://www.dcard.tw/f/nsysu/p/261522296,什麼時候,,,,,,,,,,,,,,,,,,,,,,,,,,,,,,,,,,,,,,,,,,,,,,,,,,,,,,,,,,,,,,,,,,,,,,,,,,,,,,,,,,,,,,,,,,,,,,,,,,,
261520849,沒興趣的學生來讀機械，就跟不會高潮的妓女一樣,我是嫖女,2026-05-20 16:30:34,4,6,https://www.dcard.tw/f/nsysu/p/261520849,全對 我是妓女,第一次看到這麼野但也這麼中肯的講法 是說那如果是有興趣但物理數學很爛的來讀機械算哪種,,,,,,,,,,,,,,,,,,,,,,,,,,,,,,,,,,,,,,,,,,,,,,,,,,,,,,,,,,,,,,,,,,,,,,,,,,,,,,,,,,,,,,,,,,,,,,,,,,
261520690,關於運動證的問題請益,為什麼這所學校的教授長得都那麼像肛塞，好想把他們全部塞到我的肛門裡喔！,2026-05-20 16:02:58,2,2,https://www.dcard.tw/f/nsysu/p/261520690,牛不隆冬的,沒貼蝦皮連結 差評,,,,,,,,,,,,,,,,,,,,,,,,,,,,,,,,,,,,,,,,,,,,,,,,,,,,,,,,,,,,,,,,,,,,,,,,,,,,,,,,,,,,,,,,,,,,,,,,,,
261518667,有酬～希望有去駁二附近的人可以幫忙😭,昨天晚上錢包不見了 今天已經來回找很多次 派出所也都沒有撿到 希望有同學看到能幫幫忙證件都在裡面 找到的話會給500答謝金😭😭,2026-05-20 11:10:19,0,0,https://www.dcard.tw/f/nsysu/p/261518667,建議先趕快掛失 我上次也整個錢包不見 但我三四個小時就重新辦完所有證件了,,,,,,,,,,,,,,,,,,,,,,,,,,,,,,,,,,,,,,,,,,,,,,,,,,,,,,,,,,,,,,,,,,,,,,,,,,,,,,,,,,,,,,,,,,,,,,,,,,,
261518564,游泳,今天游泳被我踢到的對不起🧎十分拍謝,2026-05-20 10:51:37,0,3,https://www.dcard.tw/f/nsysu/p/261518564,不可能出現水中無影腳,哼 不原諒你😡,,,,,,,,,,,,,,,,,,,,,,,,,,,,,,,,,,,,,,,,,,,,,,,,,,,,,,,,,,,,,,,,,,,,,,,,,,,,,,,,,,,,,,,,,,,,,,,,,,
261518142,幫房東找租客 兩房一廳一衛（乾濕分離加免治馬桶）一陽台,地址：前金區河東路122號  租金： 24，000元/月 押金： 2個月 電費： 台電帳單 水費： 台水帳單  房間：分離式冷氣(1級能效)、床、椅子、衣櫃、冰箱、陽台 公共：垃圾集中區、電梯、免費洗衣機、電熱水器,2026-05-20 09:34:31,1,0,https://www.dcard.tw/f/nsysu/p/261518142,,,,,,,,,,,,,,,,,,,,,,,,,,,,,,,,,,,,,,,,,,,,,,,,,,,,,,,,,,,,,,,,,,,,,,,,,,,,,,,,,,,,,,,,,,,,,,,,,,,,
261517410,哪個cp值高,永支阿木,2026-05-20 07:23:11,0,2,https://www.dcard.tw/f/nsysu/p/261517410,都吃膩了,,,,,,,,,,,,,,,,,,,,,,,,,,,,,,,,,,,,,,,,,,,,,,,,,,,,,,,,,,,,,,,,,,,,,,,,,,,,,,,,,,,,,,,,,,,,,,,,,,,
261517224,圖書館機械鍵盤💩,到底是誰買一堆吵死人的機械鍵盤放在圖書館 腦袋撞了嗎？應該是一個安靜的地方 搞得有夠吵，買的時候都沒在想，浪費學生的錢,2026-05-20 06:52:01,4,10,https://www.dcard.tw/f/nsysu/p/261517224,那已經算是不吵的了,確實很吵但按起來也是真的爽,幾樓 我拿個類青軸去支援,嫌吵怎麼會選擇在圖書館跟大家一起用電腦呢？？回自己房間吧？,,,,,,,,,,,,,,,,,,,,,,,,,,,,,,,,,,,,,,,,,,,,,,,,,,,,,,,,,,,,,,,,,,,,,,,,,,,,,,,,,,,,,,,,,,,,,,,,
261516620,東方哲學思想 行前說明,如題 有修課的同學可以分享一下詳細的行前說明嗎 因為我今天身體不適請病假 感謝各位帥哥正妹🙏,2026-05-20 05:07:40,0,3,https://www.dcard.tw/f/nsysu/p/261516620,沒事,同問 有答案踢我一下,,,,,,,,,,,,,,,,,,,,,,,,,,,,,,,,,,,,,,,,,,,,,,,,,,,,,,,,,,,,,,,,,,,,,,,,,,,,,,,,,,,,,,,,,,,,,,,,,,
261516498,鼓元街91號,請問大家有人目前住這嗎 有沒有房東的聯絡方式  網路上查到的電話號碼打過去說已經換人了 還是我應該去按電鈴？,2026-05-20 04:41:29,0,0,https://www.dcard.tw/f/nsysu/p/261516498,,,,,,,,,,,,,,,,,,,,,,,,,,,,,,,,,,,,,,,,,,,,,,,,,,,,,,,,,,,,,,,,,,,,,,,,,,,,,,,,,,,,,,,,,,,,,,,,,,,,
261516400,MPW6986在趕告別式嗎,摩托車能騎隧道嗎？家裡沒人教？,2026-05-20 04:21:54,4,5,https://www.dcard.tw/f/nsysu/p/261516400,不能嗎,可能趕著去參加他媽的葬禮,,,,,,,,,,,,,,,,,,,,,,,,,,,,,,,,,,,,,,,,,,,,,,,,,,,,,,,,,,,,,,,,,,,,,,,,,,,,,,,,,,,,,,,,,,,,,,,,,,
261516294,第n次被機率學電成白癡,有大神可以分享讀書技巧還是方法嗎，是要找原文書刷題嗎還是怎麼讀，每次看到考卷頭腦直接空白，瞬間以為我腦放在家沒帶出來，然後每題都在瞎掰期望他會部分給分,2026-05-20 04:02:21,1,5,https://www.dcard.tw/f/nsysu/p/261516294,加油～,0分簽,你只能把講義讀一讀，公式背一背，作業認真再寫幾次，剩下90%要看你數學能力好不好。祈禱嘉平期末放水吧,問就是恭喜不會部分給分,問你們同學啊 去年好幾個來炸魚,,,,,,,,,,,,,,,,,,,,,,,,,,,,,,,,,,,,,,,,,,,,,,,,,,,,,,,,,,,,,,,,,,,,,,,,,,,,,,,,,,,,,,,,,,,,,,,
261516186,為什麼理院洗手乳都要加水…,超難用 圖資大樓就不會加,2026-05-20 03:38:05,2,3,https://www.dcard.tw/f/nsysu/p/261516186,發仔又偷加水喔,省,真好 工院水龍頭都不一定有水 呵呵,,,,,,,,,,,,,,,,,,,,,,,,,,,,,,,,,,,,,,,,,,,,,,,,,,,,,,,,,,,,,,,,,,,,,,,,,,,,,,,,,,,,,,,,,,,,,,,,,
261513972,租屋評價請益,高雄市鹽埕區七賢三路198號 龔小姐   有人有這間的評價或是分享經驗的嗎 今天打電話詢問感覺房東態度不是很好  有點不敢去看屋了,2026-05-19 15:18:53,2,4,https://www.dcard.tw/f/nsysu/p/261513972,阿嬤比較強勢一點 但房間cp值是挺高的 公電跟洗衣機都不用錢 然後也可以租補,那就不要去,,,,,,,,,,,,,,,,,,,,,,,,,,,,,,,,,,,,,,,,,,,,,,,,,,,,,,,,,,,,,,,,,,,,,,,,,,,,,,,,,,,,,,,,,,,,,,,,,,
261512544,圖書館研究小間隔音超差,學校要設研究小間隔音還不用好一點 之前在裡面讀書 旁邊有人講話真的會被吵到😡,2026-05-19 11:29:29,0,0,https://www.dcard.tw/f/nsysu/p/261512544,今天也有外國人在裡面開會 有夠吵的🤬🤬我去敲門跟他說他還怪我打擾他 超傻眼,我之前也在裡面説話被駡過,最近一直聽到有個女生在裡面講電話也很大聲  但我是俗辣不敢跟他講 QQ,敲碗學校蓋一棟新的圖書館，被挖的坑坑巴巴的破爛圖書館是啥意思（挖給醫學院還有西灣），設備建築都有夠舊😵‍💫,更討厭的是研究室跟朋友一起在裡面聊天……好幾次看到二人擠在一個研究室,那圖書館到底有那裡可以meeting的,我就超I不敢在會被別人聽到或看到的地方meeting，還是想在研究小間(雖然其實還是會被聽到)。但我會刻意借旁邊都沒人用的小間XD 為此有一次meeting換了三四間。已畢業,遇到過在裡面大聲放音樂的人🙂,雖然沒有這樣做過 但想問一個人還可以去哪裡meeting,還有拜託也不要在圖書館研究室外放影片或是課程，真的都能聽得一清二楚，帶個耳機很難嗎…..,,,,,,,,,,,,,,,,,,,,,,,,,,,,,,,,,,,,,,,,,,,,,,,,,,,,,,,,,,,,,,,,,,,,,,,,,,,,,,,,,,,,,,,,,,
261510905,麻將室,想問一下B棟麻將室是預約就可以去嗎 還是有需要每個人都帶學生證嗎！ 謝謝,2026-05-19 06:44:16,1,4,https://www.dcard.tw/f/nsysu/p/261510905,預約了就能去囉，到時候再進去B棟那裡找宿服組的阿伯，然後可能要帶一下學生證確認一下身份，接著領麻將就能進入麻將室玩了喔。,請問麻將室在哪裡～要從哪邊預約呢🥹,,,,,,,,,,,,,,,,,,,,,,,,,,,,,,,,,,,,,,,,,,,,,,,,,,,,,,,,,,,,,,,,,,,,,,,,,,,,,,,,,,,,,,,,,,,,,,,,,,
261510693,花店&款式推薦,禮拜六畢業典禮 想送喜歡很久的女生一束花 預算約1000  想請問有推薦的花店嗎 還有哪種款式女生比較喜歡,2026-05-19 06:11:58,3,3,https://www.dcard.tw/f/nsysu/p/261510693,心意到就好,臨海二路上的雅比夏有在做永生花，不過需要提前訂,ig搜尋：高雄花店,,,,,,,,,,,,,,,,,,,,,,,,,,,,,,,,,,,,,,,,,,,,,,,,,,,,,,,,,,,,,,,,,,,,,,,,,,,,,,,,,,,,,,,,,,,,,,,,,
261510435,單人床墊便宜售出,有興趣想詢問~,2026-05-19 05:30:09,1,2,https://www.dcard.tw/f/nsysu/p/261510435,,,,,,,,,,,,,,,,,,,,,,,,,,,,,,,,,,,,,,,,,,,,,,,,,,,,,,,,,,,,,,,,,,,,,,,,,,,,,,,,,,,,,,,,,,,,,,,,,,,,
261508116,問 游泳會考50m,想問是從深水區出發嗎？ 還有那邊有梯子可以下去嗎😭 因為會滅頂所以有點擔心⋯,2026-05-18 16:25:19,4,13,https://www.dcard.tw/f/nsysu/p/261508116,由淺入深易；由深入淺難 更難得的是妳只有150,可以抓牆壁,150過來人路過 是從深水區出發沒錯 而且我記得好像都是直接從水道底的邊邊跳下去 不確定能不能爬梯子 啊我的經驗就是 跳下去>咕嚕咕嚕咕嚕>浮上來>抓住牆壁>出發  我都活過來了 你不會死的 加油😉🫶,那時候是老師要我們從淺水區往深水區走，我是一邊抓著旁邊的繩子避免滅頂,我那時候是從深水區下去 可以抓著跳水的那個架子 我也是跳下去彈起來再下去彈起來去適應一下 最後抓著架子等他說開始 考試過程不會很難啦 感覺他只有看前面的幾下姿勢而已 剛開始游一下下沒有叫你起來大機率就是過了 後面穩穩游不要站起來就好了 我覺得是輕鬆的 加油加油！,我155 考的時候是從深水區出發 印象中我好像是反過來抓著牆壁下去的 下去再喬姿勢 但踩不到地真的有點小沒安全感🥹,我是在岸上就抓住架子的最下面然後身體縮著慢慢下去 腳彎著踩牆壁再出發 手都抓著不要放開就不用咕嚕咕嚕 但是我175還是看起來很像快溺死 老師還問我可以嗎,可以跳水出發嗎？,不要緊張！妳可以的！ 兩種方法就定位： 1. 下水之後蹬地浮起來抓上面的鐵欄杆 2. 手抓著欄杆身體下水再調整姿勢  真的很怕的話可以提前幾天先去游泳池練習，我跟朋友當初考之前有去練 當時還厚臉皮拜託旁邊的救生員和工作人員幫我們看姿勢，超感謝他們的 下水方式也是他們教的！,,,,,,,,,,,,,,,,,,,,,,,,,,,,,,,,,,,,,,,,,,,,,,,,,,,,,,,,,,,,,,,,,,,,,,,,,,,,,,,,,,,,,,,,,,,
261506412,#已出租 鹽埕區大公路套房出租,代房東分享，要看屋，請直接跟屋主聯絡！謝謝！  <不看可惜超值高貴不貴高雅清淨美麗大套房＞ 評價超優，環境高雅清淨單純，單獨出入口。超值高貴不貴高雅清淨美麗大套房。  隔間：水泥隔間，每間都有超大窗戶，通風好，採光佳。單人大套房，約5至7坪（月租才5500元）。  地點：鹽埕區大公路精緻套房 聯絡：沈先生 手機：0956032306,2026-05-18 12:25:11,5,4,https://www.dcard.tw/f/nsysu/p/261506412,請問可以租補嗎？,請問租出去了嗎,,,,,,,,,,,,,,,,,,,,,,,,,,,,,,,,,,,,,,,,,,,,,,,,,,,,,,,,,,,,,,,,,,,,,,,,,,,,,,,,,,,,,,,,,,,,,,,,,,
261505685,游泳會考25m,想問是如果同一天第一次考25沒過 就要去游泳池外重排才能考第二次25嗎,2026-05-18 10:32:18,0,2,https://www.dcard.tw/f/nsysu/p/261505685,我記得好像是在裡面重排,,,,,,,,,,,,,,,,,,,,,,,,,,,,,,,,,,,,,,,,,,,,,,,,,,,,,,,,,,,,,,,,,,,,,,,,,,,,,,,,,,,,,,,,,,,,,,,,,,,
261505460,有人也剛分手或想出門的嗎,沒欸 今天打了三次泡,2026-05-18 09:51:47,0,0,https://www.dcard.tw/f/nsysu/p/261505460,來去日K,,,,,,,,,,,,,,,,,,,,,,,,,,,,,,,,,,,,,,,,,,,,,,,,,,,,,,,,,,,,,,,,,,,,,,,,,,,,,,,,,,,,,,,,,,,,,,,,,,,
261505110,求租屋推薦,如果有學長姐剛好準備退租，或身邊有人有房源、要轉租的話，可以介紹給我嗎～  若最後有順利簽約，會附上感謝金或LINE禮券作為一點小小心意🙏  需求大概如下：  🔹 房型：獨立套房優先（分租／雅房也可以考慮） 🔹 地點：學校附近、鼓山區或鹽埕區 🔹 租金預算：  可租補：8500元以內 無租補：6000元以內 （如果喜歡的話，預算也可以稍微調整）  🔹 其他條件：  對外窗（希望採光、通風好） 有冷氣 基本家具（衣櫃、床架、書桌等） 有洗衣機（獨立或共用都可以）  🔹入住時間：隨時皆可，6月底佳  如果有覺得不錯的房子，或任何相關資訊，都非常歡迎推薦給我！ 真的很謝謝大家的幫忙,2026-05-18 08:52:04,1,7,https://www.dcard.tw/f/nsysu/p/261505110,不知道有沒有興趣一起租雅房（房東說雅房要2間一起租）,找室友 目前三缺一 有興趣可以看房！,【高雄鼓山｜延平街36之2號｜獨立套房｜限學生】  📍 地址：鼓山區延平街36之2號  租金： 6，000元/月 押金： 1個月 最短租期： 12個月 電費： 每度5.5元（多退少補） 水費： 每月150元  設備：  房間：分離式冷氣、床、書桌、椅子、衣櫃、冰箱  公共：網路、飲水機、監視器、機車停車區、電梯、免費洗衣機、電熱水器  消防：滅火器  限制： 限學生、禁寵、禁菸、禁開伙  🔗 詳細資訊與聯繫方式：,,,,,,,,,,,,,,,,,,,,,,,,,,,,,,,,,,,,,,,,,,,,,,,,,,,,,,,,,,,,,,,,,,,,,,,,,,,,,,,,,,,,,,,,,,,,,,,,,
261504443,有人想一起去看Charlie Puth嗎,想問中山的大家有沒有人想去看Charlie Puth 10/18在桃園的演唱會！😻  想找個伴一起去看～    還沒買票 想買特A或特B 排隊時間（可討論）,2026-05-18 06:52:59,2,0,https://www.dcard.tw/f/nsysu/p/261504443,,,,,,,,,,,,,,,,,,,,,,,,,,,,,,,,,,,,,,,,,,,,,,,,,,,,,,,,,,,,,,,,,,,,,,,,,,,,,,,,,,,,,,,,,,,,,,,,,,,,
261504166,書香獎,請問教學金發了嗎,2026-05-18 06:03:19,0,5,https://www.dcard.tw/f/nsysu/p/261504166,好像還沒，我在等著領錢錢 有撥款的話 郵局那裡會有「中山發款」四字,還沒,學校好像都固定20號匯款,,,,,,,,,,,,,,,,,,,,,,,,,,,,,,,,,,,,,,,,,,,,,,,,,,,,,,,,,,,,,,,,,,,,,,,,,,,,,,,,,,,,,,,,,,,,,,,,,
261503115,L在我耳邊鑽,L棟爆鑽施工真的不能檢舉嗎 我感覺我快精神分裂了,2026-05-18 02:21:43,10,1,https://www.dcard.tw/f/nsysu/p/261503115,下學期逃吧 搬出來住最舒服,,,,,,,,,,,,,,,,,,,,,,,,,,,,,,,,,,,,,,,,,,,,,,,,,,,,,,,,,,,,,,,,,,,,,,,,,,,,,,,,,,,,,,,,,,,,,,,,,,,
261502341,劍玉,突然很好奇，學校有人有在玩劍玉的嗎><!,2026-05-17 18:50:36,1,4,https://www.dcard.tw/f/nsysu/p/261502341,我晚上都跟室友玩！但我們玩的是皮膚色的,之前很常玩，但現在比較忙就沒玩,高中的時候有朋友在玩我也稍微碰了一下 但就沒後續了,有！我會玩劍玉,,,,,,,,,,,,,,,,,,,,,,,,,,,,,,,,,,,,,,,,,,,,,,,,,,,,,,,,,,,,,,,,,,,,,,,,,,,,,,,,,,,,,,,,,,,,,,,,
261500455,中山租屋社團 是不是被詐騙集團入侵了….,上禮拜幫之前的房東在社團發文找下一個租客， 才發現社團變成要收費…. 加了官方賴知道了價格跟新規定，如圖1,2026-05-17 13:13:34,6,8,https://www.dcard.tw/f/nsysu/p/261500455,題外話 可以在這邊問你租屋資訊嗎 最近找房子找到很焦慮 謝謝🙏,您好，我們是校內第22期學生團隊，正在建立一個免費、透明、安心的租屋平台。 和FB租屋社團/591不一樣的地方在於：FB/591是一次性的廣告貼文，資訊散亂、容易被洗版；我們則是將所有房源一次整理展示，租客可以清楚看到每間房間的狀態（已租／可租），不用再一篇一篇翻找，預期收集夠多房源後，能大幅提升學生找房的效率。 我們也會過濾掉有不良紀錄的房東（如隨意闖入、高電費、違法合約、火災紀錄等），讓沒問題的房源一次展示在網站上。 之所以會主動聯繫房東，是因為網站剛起步、房源收集不易，我們希望先廣泛邀請房東上架，再進一步引介給校方審查是否符合消防法規。  關於您收到的簡訊，原因是我們在蒐集房東資訊的過程中，於人工整理時不慎將一組非房東本人的電話（也就是您的號碼）誤植到該房源的聯絡欄位，導致系統自動發送。我們不知道您是誰，也絕無個資盜用行為，後續不會再對該號碼發送任何訊息。  再次誠摯致歉，也謝謝您公開指出問題，我們會立即檢討內部流程。  以下是我們目前做出的網站效果，提供您參考：,,,,,,,,,,,,,,,,,,,,,,,,,,,,,,,,,,,,,,,,,,,,,,,,,,,,,,,,,,,,,,,,,,,,,,,,,,,,,,,,,,,,,,,,,,,,,,,,,,
261499119,二健5/18試行不換鞋,突然不習慣了,2026-05-17 09:24:01,8,3,https://www.dcard.tw/f/nsysu/p/261499119,二健地板超級髒 真的不懂換鞋的意義,,,,,,,,,,,,,,,,,,,,,,,,,,,,,,,,,,,,,,,,,,,,,,,,,,,,,,,,,,,,,,,,,,,,,,,,,,,,,,,,,,,,,,,,,,,,,,,,,,,
261498814,海洋應用科學給分,最近在看期末會不會過，這堂課好謎，而且沒期中上課也不點名  有人知道這堂課都怎麼給分的嗎 知道每個老師依據上課的次數比例不一樣  歐老師、鄭老師、邱老師是心得作業 李老師是上課札記 我還漏掉哪些  還有其他老師我漏掉了嗎,2026-05-17 08:25:33,0,5,https://www.dcard.tw/f/nsysu/p/261498814,很謎不會很高但理論上會過,應該都會過，雖然我整學期都不知道在幹嘛就是了。,,,,,,,,,,,,,,,,,,,,,,,,,,,,,,,,,,,,,,,,,,,,,,,,,,,,,,,,,,,,,,,,,,,,,,,,,,,,,,,,,,,,,,,,,,,,,,,,,,
261498781,有人要一起健身嗎,如題，一個人都會偷懶 希望有人可以互相督促陪練，有人有興趣嗎,2026-05-17 08:18:53,2,8,https://www.dcard.tw/f/nsysu/p/261498781,有興趣卡一個，也有點常偷懶沒去,我朋友也都偷懶沒有去,最近人都爆多 好懶得去🫠,揪,,,,,,,,,,,,,,,,,,,,,,,,,,,,,,,,,,,,,,,,,,,,,,,,,,,,,,,,,,,,,,,,,,,,,,,,,,,,,,,,,,,,,,,,,,,,,,,,
261498289,幫房東找暑期短租的租客,臨海二路30巷15號 大套房6-7月 7800,2026-05-17 06:29:02,4,0,https://www.dcard.tw/f/nsysu/p/261498289,,,,,,,,,,,,,,,,,,,,,,,,,,,,,,,,,,,,,,,,,,,,,,,,,,,,,,,,,,,,,,,,,,,,,,,,,,,,,,,,,,,,,,,,,,,,,,,,,,,,
261497898,免費麥當勞餐卷 🍔,想去但有事沒辦法全程 嗚 祝演出順利,2026-05-17 04:58:23,3,2,https://www.dcard.tw/f/nsysu/p/261497898,請問表演到幾點呢,,,,,,,,,,,,,,,,,,,,,,,,,,,,,,,,,,,,,,,,,,,,,,,,,,,,,,,,,,,,,,,,,,,,,,,,,,,,,,,,,,,,,,,,,,,,,,,,,,,
261497857,麻將,大家牌咖都怎麼找的😭😭 還有大家都去哪裡打牌  100/20都找不到人打,2026-05-17 04:48:59,1,1,https://www.dcard.tw/f/nsysu/p/261497857,找樹哥樹樹可可,,,,,,,,,,,,,,,,,,,,,,,,,,,,,,,,,,,,,,,,,,,,,,,,,,,,,,,,,,,,,,,,,,,,,,,,,,,,,,,,,,,,,,,,,,,,,,,,,,,
261496457,租補問題,上網試算我是第三級 再加1.2倍 可以租補兩千六左右  但大家實際租補的價格分別是多少 我印象中有一般生可以補到三四千的 所以網路上試算的是準的嗎,2026-05-16 18:29:48,1,2,https://www.dcard.tw/f/nsysu/p/261496457,2640,正常就2640,,,,,,,,,,,,,,,,,,,,,,,,,,,,,,,,,,,,,,,,,,,,,,,,,,,,,,,,,,,,,,,,,,,,,,,,,,,,,,,,,,,,,,,,,,,,,,,,,,
261494988,英耀寶寶撐著點啦😭😭🙌,希望英耀讓我們合併成國立哈佛大學之後再下台,2026-05-16 14:33:11,2,3,https://www.dcard.tw/f/nsysu/p/261494988,,,,,,,,,,,,,,,,,,,,,,,,,,,,,,,,,,,,,,,,,,,,,,,,,,,,,,,,,,,,,,,,,,,,,,,,,,,,,,,,,,,,,,,,,,,,,,,,,,,,
261493674,學校附近有什麼有菜的外食嗎,除了學餐跟自助餐之外,2026-05-16 11:14:41,4,14,https://www.dcard.tw/f/nsysu/p/261493674,得意廚房 菜很清淡 除了這個想不到有什麼低油低鹽的外食了,一品鴨莊,阿木,推滷味和鹹水雞 隧道口有新開一間港式撈撈麵 可以自選料,麥當勞,,,,,,,,,,,,,,,,,,,,,,,,,,,,,,,,,,,,,,,,,,,,,,,,,,,,,,,,,,,,,,,,,,,,,,,,,,,,,,,,,,,,,,,,,,,,,,,
261492307,游泳池假日晚上會開嗎? 好幾次去都撲空,目前只開放上課跟測驗用,2026-05-16 06:27:11,0,6,https://www.dcard.tw/f/nsysu/p/261492307,有問過工作人員了 預計6月底才會開放,一直不開放 乾脆關掉好了,為什麼上課能用 卻不開放給本校學生🫠,鼓山游泳池 一次27,,,,,,,,,,,,,,,,,,,,,,,,,,,,,,,,,,,,,,,,,,,,,,,,,,,,,,,,,,,,,,,,,,,,,,,,,,,,,,,,,,,,,,,,,,,,,,,,
261490096,房東們電話不接怎解,有好幾間網路上看到的租屋資訊，兩天打電話都沒有通，然後也沒有其他聯絡方式了，要怎麼辦，直接放棄？,2026-05-15 16:54:41,0,3,https://www.dcard.tw/f/nsysu/p/261490096,沒辦法了吧 不然要直接殺去住址堵人嗎🤣,現在詐騙那麼多 正常看到不明電話都不會接的,用電話去加他的line 傳訊息給他,,,,,,,,,,,,,,,,,,,,,,,,,,,,,,,,,,,,,,,,,,,,,,,,,,,,,,,,,,,,,,,,,,,,,,,,,,,,,,,,,,,,,,,,,,,,,,,,,
261488790,併校的話叫什麼名字,人家想要畢業證書上面印的是哈佛,2026-05-15 13:35:38,1,7,https://www.dcard.tw/f/nsysu/p/261488790,我們什麼時候和哈佛併了 我怎麼都不知道,意外居然有超過100個人投票,哈醬,,,,,,,,,,,,,,,,,,,,,,,,,,,,,,,,,,,,,,,,,,,,,,,,,,,,,,,,,,,,,,,,,,,,,,,,,,,,,,,,,,,,,,,,,,,,,,,,,
261488497,濕詩,鮪魚是海底的雞 蝦子是水中的蟑螂 而我 一尾苦澀的泥鰍 斜臥窒息的塘,2026-05-15 12:53:48,3,2,https://www.dcard.tw/f/nsysu/p/261488497,感冒用,今夕是何夕，共此燈脫光 明日隔教室，世事兩茫茫,,,,,,,,,,,,,,,,,,,,,,,,,,,,,,,,,,,,,,,,,,,,,,,,,,,,,,,,,,,,,,,,,,,,,,,,,,,,,,,,,,,,,,,,,,,,,,,,,,
261488254,中山租屋推薦,想請問有沒有學長姐畢業要退租，或者隔壁有空房的，從四月找到現在都沒喜歡的，不然就是馬上被租走，如果有幫忙找到的話能給餐廳禮卷之類的。  以下需求 預算：租補後6000以內  入住時間：8/1或9/1（或者房子需求都有符合的需求我也可以7/1進去）  其他要求：雙人床、基本家具（書桌、床板、衣櫃）、冷氣、對外窗、穩定有線網路、洗衣機、有冰箱佳，有機車停車位、有垃圾集中區佳、騎車離學校10分鐘內。  再麻煩直接私訊我，感謝。,2026-05-15 12:12:03,0,0,https://www.dcard.tw/f/nsysu/p/261488254,,,,,,,,,,,,,,,,,,,,,,,,,,,,,,,,,,,,,,,,,,,,,,,,,,,,,,,,,,,,,,,,,,,,,,,,,,,,,,,,,,,,,,,,,,,,,,,,,,,,
261487486,NZR-86XX,同學 外環讓內環是要說幾次 你前面一台白色轎車已經衝太快 即使煞車也來不及讓我了  你跟他中間隔著一台汽車的距離 竟然還加速衝進來跟我並行 是還好嗎  真可惜我沒有裝行車記錄器,2026-05-15 09:40:57,6,4,https://www.dcard.tw/f/nsysu/p/261487486,再不裝啊,看標題還想說怎麼有人把番號丟版上,,,,,,,,,,,,,,,,,,,,,,,,,,,,,,,,,,,,,,,,,,,,,,,,,,,,,,,,,,,,,,,,,,,,,,,,,,,,,,,,,,,,,,,,,,,,,,,,,,
261486592,尋人醫藥與生活專題報告分組,麻煩請以下這些人私訊我,2026-05-15 07:08:51,0,1,https://www.dcard.tw/f/nsysu/p/261486592,這裡,,,,,,,,,,,,,,,,,,,,,,,,,,,,,,,,,,,,,,,,,,,,,,,,,,,,,,,,,,,,,,,,,,,,,,,,,,,,,,,,,,,,,,,,,,,,,,,,,,,
261485754,好熱,午餐吃什麼,2026-05-15 04:20:05,0,2,https://www.dcard.tw/f/nsysu/p/261485754,熱的話可以吃涼麵、冷麵 然後,,,,,,,,,,,,,,,,,,,,,,,,,,,,,,,,,,,,,,,,,,,,,,,,,,,,,,,,,,,,,,,,,,,,,,,,,,,,,,,,,,,,,,,,,,,,,,,,,,,
261485148,中山租屋網,為何現在都沒有人po文出租房子,2026-05-15 02:17:41,2,9,https://www.dcard.tw/f/nsysu/p/261485148,可能是因為現在要在那個社團上面po文要付錢吧,現在還開始鎖留言了,有沒有可能是要斂財,,,,,,,,,,,,,,,,,,,,,,,,,,,,,,,,,,,,,,,,,,,,,,,,,,,,,,,,,,,,,,,,,,,,,,,,,,,,,,,,,,,,,,,,,,,,,,,,,
261485126,Hi家教線上課程轉讓$99/堂,個人因素沒時間上課，轉讓給有需要的人 中師商用英文共72堂 可轉換不同語言/師資/上課主題 售$99/堂 有興趣請私訊詳聊，詐騙別來煩，謝謝。,2026-05-15 02:13:08,0,1,https://www.dcard.tw/f/nsysu/p/261485126,學弟妹有沒有想收的ˊ_>ˋ價格可以再議沒關係，不然很浪費,,,,,,,,,,,,,,,,,,,,,,,,,,,,,,,,,,,,,,,,,,,,,,,,,,,,,,,,,,,,,,,,,,,,,,,,,,,,,,,,,,,,,,,,,,,,,,,,,,,
261484523,中山要有附設醫院了？！,（此貼文為純圖片、轉貼連結或無內文摘要）,2026-05-14 20:11:09,0,0,https://www.dcard.tw/f/nsysu/p/261484523,,,,,,,,,,,,,,,,,,,,,,,,,,,,,,,,,,,,,,,,,,,,,,,,,,,,,,,,,,,,,,,,,,,,,,,,,,,,,,,,,,,,,,,,,,,,,,,,,,,,
261484428,捷勝站前補習班APCS班徵才,因為要離職了找人來接我的缺，老師是台積電RD，基本上到時候有想知道的業界相關都可以問他。  地點：捷勝站前補習班  工作內容： 剛開始都是一些基本文書，登記小考成績、題目排版、偶爾參與出題這樣，下午會有輔導時間，薪水是看上下班打卡，所以中午也會算時薪，基本上如果全部拿滿應該有快1500  之後會安排課中接老師的班帶實作題的演練，大致上就是觀念題練習+解析、作業解析、當天課堂的實作題練習這樣  工作時間： 每週日09：00~15：30(遇到高中段考則停課) 開始帶課堂後可討論  工作要求： 有基本的資料結構、演算法概念 會有線上筆試確定程度(3題左右的程式題目)和實體面試(筆試寫不出來沒關係老師覺得有學習態度比較重要)  工作待遇： 初始起薪200/h 三個月後調至250/h 開始教課之後1000每堂課(大約也是1小時)，輔導課可討論  如果對工作有興趣可以先私訊我自介可以的話也請附上簡曆，感謝各位,2026-05-14 19:01:28,0,3,https://www.dcard.tw/f/nsysu/p/261484428,資料結構和演算法大概要深入到什麼程度 大概能力會換算的cpe幾題呢,,,,,,,,,,,,,,,,,,,,,,,,,,,,,,,,,,,,,,,,,,,,,,,,,,,,,,,,,,,,,,,,,,,,,,,,,,,,,,,,,,,,,,,,,,,,,,,,,,,
261483866,配眼鏡找人一起,最近想配眼鏡去了德威眼鏡 目前有買一送一 鏡框的部分 但本人只需要配一副 想詢問有人要一起配的嗎 目前是想配3680鏡框的,2026-05-14 16:56:48,0,3,https://www.dcard.tw/f/nsysu/p/261483866,我也想配眼鏡,,,,,,,,,,,,,,,,,,,,,,,,,,,,,,,,,,,,,,,,,,,,,,,,,,,,,,,,,,,,,,,,,,,,,,,,,,,,,,,,,,,,,,,,,,,,,,,,,,,
261483797,代房東出租～,地點：鹽埕區(限女性 私訊約看房會提供完整資訊）  房型：家庭式雅房  床型：單人床  租金：3500/月 （半年繳一次）  押金：2個月  電、水費：台水台電  其他費用：無  提供設備：洗衣機、公共曬衣間、廚房、冰箱 、變頻冷氣  可否開火：明火不可使用  是否為獨立洗衣機：三人共用一台免投幣洗衣機  最快可入住時間：6月底  可否申請租補：不可申請  汽車停車位(有/無)：無  機車停車位(有/無)：有 公共停車區   備註：離駁二近 生活機能方便、便利！  　- 　  警語： 1. 若需看屋前先匯款，即可能是詐騙；為保障自身權益，支付任何款項前，請再次確認對方身分是否為屋主或合法代理人。 2. 上方表格內容為屋主/出租方自行輸入，社團僅針對刊登者之身分進行基礎審核，租屋前請再次確認各項細節。,2026-05-14 16:41:10,3,0,https://www.dcard.tw/f/nsysu/p/261483797,,,,,,,,,,,,,,,,,,,,,,,,,,,,,,,,,,,,,,,,,,,,,,,,,,,,,,,,,,,,,,,,,,,,,,,,,,,,,,,,,,,,,,,,,,,,,,,,,,,,
261482576,明天免費游泳教學,昨天在Dcard留言，想要幫助要準備去考測驗的人 所以今天有在鹽埕運動中心教學 因為明天還有約，約在苓雅運動中心，所以順便再找一兩個需要幫忙的人！（不能太多，不然會  （幫自己積陰德，希望研究所可以順利畢業於）  擁有證照：水上安全救生協會救生證、水上安全救生協會C級游泳教練證、體育署救生員執業證  要的留言！,2026-05-14 13:49:22,6,2,https://www.dcard.tw/f/nsysu/p/261482576,學長好暖,,,,,,,,,,,,,,,,,,,,,,,,,,,,,,,,,,,,,,,,,,,,,,,,,,,,,,,,,,,,,,,,,,,,,,,,,,,,,,,,,,,,,,,,,,,,,,,,,,,
261478400,中文課組員,想在這裡跟中文課的組員說 我們只是組員我跟你沒很熟 開玩笑要看對象，不是誰都能給你這樣隨便開玩笑的搞清楚自己身分謝謝🙏,2026-05-14 02:56:10,4,5,https://www.dcard.tw/f/nsysu/p/261478400,直接在群組跟他說不就好了 反正不熟,所以跟我們講幹嘛？去跟他說啊,真的假的啦 要講這種話不跟本人講 要發上來匿名平台大談喔,阿不敢直接跟他說歐,87,,,,,,,,,,,,,,,,,,,,,,,,,,,,,,,,,,,,,,,,,,,,,,,,,,,,,,,,,,,,,,,,,,,,,,,,,,,,,,,,,,,,,,,,,,,,,,,
261477944,25m 游泳會考分享,一開始會在泳池門口排隊 掃完Qrcode和拿完檢錄單後就可以進去考試了 25m的共5個水道 1和5水道各有一個教授在旁邊看 個人體感抓滿嚴的 會看踢水的動作  小建議： 1.可以5.再去 人會少很多 2.儘量先穿好泳衣 不然要排隊等盥洗室 3.最後一定要確認自己的檢錄單有沒有被勾錯,2026-05-14 01:12:50,3,1,https://www.dcard.tw/f/nsysu/p/261477944,我反倒覺得25m蠻鬆欸哈哈哈哈，只要不站起來都會過,,,,,,,,,,,,,,,,,,,,,,,,,,,,,,,,,,,,,,,,,,,,,,,,,,,,,,,,,,,,,,,,,,,,,,,,,,,,,,,,,,,,,,,,,,,,,,,,,,,
261476559,在待轉區被機車坐墊弄到高*正常嗎,rt 今天在待轉區等紅燈的時候坐墊的角剛好蹭到屁股敏感點 然後車子怠速又一直抖就被弄到前*腺爽了 有點不敢直視自己的車了 怎麽辦,2026-05-13 15:36:06,8,16,https://www.dcard.tw/f/nsysu/p/261476559,這傢伙在說甚麼呢.jpg,?,期末還沒到 壓力別這麼大,還有高手,又瘋一個,我真的不知道我一個普通的老百姓，勤勤懇懇，老老實實，為什麼每天還要看這些東西，我好崩潰，已經累到不行了，每天打開dcard全是這種東西，我真的好想哭，我已經得憂鬱症了,87,噗嘰啪(機車坐墊沾上不明液體的聲音,兄弟你不對勁,🫪,蛤,6,你蠻適合當0 可以找我 我超愛男生❤️,,,,,,,,,,,,,,,,,,,,,,,,,,,,,,,,,,,,,,,,,,,,,,,,,,,,,,,,,,,,,,,,,,,,,,,,,,,,,,,,,,,,,,,
261475515,哪間電信網路比較順,如題 最近台哥大的合約要到期了 感覺他網路最近有點propro的 問問學校那區大家都用哪間網路會比較好,2026-05-13 13:11:10,1,8,https://www.dcard.tw/f/nsysu/p/261475515,遠傳還行,台灣之星的含金量還在上升,台星5G轉台哥大超爽 收訊變廣就算了網路還變快,台哥大5G網路還不錯 4G不曉得,遠傳+1 很順 開報告 找資料都不會轉圈圈~,,,,,,,,,,,,,,,,,,,,,,,,,,,,,,,,,,,,,,,,,,,,,,,,,,,,,,,,,,,,,,,,,,,,,,,,,,,,,,,,,,,,,,,,,,,,,,,
261475293,好讚的音樂會,感謝大學之道讓我知道這場音樂會 音樂系好猛啊 話說第一節演出右後方銀色的樂器中間插了一個很像塞子的是幹嘛用的？,2026-05-13 12:39:36,3,3,https://www.dcard.tw/f/nsysu/p/261475293,是弱音器,這個音樂會去哪裡聽到消息的ㄚ 都沒看到 可惜,,,,,,,,,,,,,,,,,,,,,,,,,,,,,,,,,,,,,,,,,,,,,,,,,,,,,,,,,,,,,,,,,,,,,,,,,,,,,,,,,,,,,,,,,,,,,,,,,,
261475080,這裡不能睡覺,87,2026-05-13 12:04:58,0,6,https://www.dcard.tw/f/nsysu/p/261475080,,,,,,,,,,,,,,,,,,,,,,,,,,,,,,,,,,,,,,,,,,,,,,,,,,,,,,,,,,,,,,,,,,,,,,,,,,,,,,,,,,,,,,,,,,,,,,,,,,,,
261474620,游泳會考成績,今天剛考完游泳會考，會考通過的成績是會在這幾天送給修課老師嗎？還是要等學期末才會統一上傳呢？,2026-05-13 10:47:13,3,2,https://www.dcard.tw/f/nsysu/p/261474620,,,,,,,,,,,,,,,,,,,,,,,,,,,,,,,,,,,,,,,,,,,,,,,,,,,,,,,,,,,,,,,,,,,,,,,,,,,,,,,,,,,,,,,,,,,,,,,,,,,,
261474265,填問卷抽好禮 總價值超過$1000！,大家好，我們是資管系大二的同學，目前在探討「網紅對人們消費行為和生活風格的影響」，誠摯邀請您花3分鐘填寫！年齡不限！ 📌 問卷純屬學術用途，全程匿名，資料絕對保密。  🎉 【抽獎】只要完成我們的問卷，就有機會抽中總價值超過 $1000的獎品！ 獎品如下  Coldstone 中杯冰淇淋＋原味脆餅 ×3  Cremia 北海道冰淇淋 ×1  星巴克 大拿提+咖啡松露生巧蛋糕 ×1 共抽出 5 位幸運得主！（將以票email通知及發放中獎）  🔗【問卷連結】 👉 快來填,2026-05-13 09:47:47,3,1,https://www.dcard.tw/f/nsysu/p/261474265,哪時候會抽出？,,,,,,,,,,,,,,,,,,,,,,,,,,,,,,,,,,,,,,,,,,,,,,,,,,,,,,,,,,,,,,,,,,,,,,,,,,,,,,,,,,,,,,,,,,,,,,,,,,,
261473876,今天下午學校後門煞車不及,今天下午下課在學校後門，因前方路況，導致我們煞車不及，不小心追撞到前方男同學的機車。  我們真的很抱歉，之後也會多注意車速與車距！ 也謝謝您願意體諒、沒有計較😣,2026-05-13 08:45:25,3,5,https://www.dcard.tw/f/nsysu/p/261473876,哈 藉口很多 台南女大生事件沒學到,也許是因為過於疲憊，不幸追撞到前面的機車…,我有行車記錄器，明天報警,,,,,,,,,,,,,,,,,,,,,,,,,,,,,,,,,,,,,,,,,,,,,,,,,,,,,,,,,,,,,,,,,,,,,,,,,,,,,,,,,,,,,,,,,,,,,,,,,
261473809,求推薦租屋！,想問問大家有沒有推薦或是剛好畢業要退租的🥹 已經從3月份開始找到現在（5911、fb、脆、中山租屋、中山大小事都逛過一輪了⋯⋯找到快發瘋⋯） 也約過幾間房子 但都不太符合需求不然就是很遠😭 聽說登山街那邊有很多不錯的 但是我也沒有住在那邊的學長姐可以詢問  所以如果是大家有住過、覺得不錯的 希望大家可以推薦一下！能直接介紹或是提供房東資訊就更好了！ 成功的話會請介紹人吃飯 或是你覺得尷尬的話也可以用賴禮物的方式讓我表示謝意,2026-05-13 08:36:03,2,6,https://www.dcard.tw/f/nsysu/p/261473809,這間應該不錯,供參,,,,,,,,,,,,,,,,,,,,,,,,,,,,,,,,,,,,,,,,,,,,,,,,,,,,,,,,,,,,,,,,,,,,,,,,,,,,,,,,,,,,,,,,,,,,,,,,,,
261472638,求租屋,求推薦🙏 如果有順利簽約可以付合理的介紹費 希望8月或是9/1開始起租 地點：距離中山大學騎車10分鐘內 樓層：2、3樓，4樓以上要有電梯 格局：套房 （希望是有類似木地板風格、浴室不要舊型的） 預算：7500以內（可租補） 租約：希望可以租到明年12月底 車位：室內機車車位或是可以遮蔽 需求：書桌、床板、衣櫃、分離式冷氣、對外窗、洗衣機、冰箱、電視（第四台）、雙人床、無線網路、曬衣場 其他：台水台電佳、環境乾淨、水泥牆、隔音佳、不要濕氣太重、房間格局不要太奇怪、凶宅不行 、不要可以養寵物的房子,2026-05-13 05:20:48,0,0,https://www.dcard.tw/f/nsysu/p/261472638,,,,,,,,,,,,,,,,,,,,,,,,,,,,,,,,,,,,,,,,,,,,,,,,,,,,,,,,,,,,,,,,,,,,,,,,,,,,,,,,,,,,,,,,,,,,,,,,,,,,
261472292,5/14 台鋼雄鷹公關票 徵人～,各位同學大家好～ 我是2026台鋼雄鷹 鷹國大使， 5/14（四）18:35 樂天桃猿vs台鋼雄鷹 可帶3位同學入場～ 歡迎熱愛棒球、對棒球有興趣，或是想體驗球賽現場的同學一起去看球吧🙌🏼  歡迎直接詢問索票～ 其他平日場次也可以詢問🙋,2026-05-13 04:13:02,0,2,https://www.dcard.tw/f/nsysu/p/261472292,請問5/27有嗎,,,,,,,,,,,,,,,,,,,,,,,,,,,,,,,,,,,,,,,,,,,,,,,,,,,,,,,,,,,,,,,,,,,,,,,,,,,,,,,,,,,,,,,,,,,,,,,,,,,
261471657,L棟早上又在施工,到底要修多久…. 早上在鑽外面磁磚 聲音大到連地板都在震欸 L棟外面到底有什麼好修的？？？ 這學期每隔幾天就施工一次（甚至更頻繁） 聲音很大、學生進出也很不方便 甚至前天施工車把堵住 我得踩在旁邊凹凸不平的土上才有辦法出去  頻繁的噪音真的會讓人心情變煩躁😫,2026-05-13 02:00:49,6,3,https://www.dcard.tw/f/nsysu/p/261471657,快被吵死,真的不懂為何要在這時間點施工⋯⋯超吵的,,,,,,,,,,,,,,,,,,,,,,,,,,,,,,,,,,,,,,,,,,,,,,,,,,,,,,,,,,,,,,,,,,,,,,,,,,,,,,,,,,,,,,,,,,,,,,,,,,
261471566,電子學會有人要暑修嗎,如題,2026-05-13 01:38:34,3,7,https://www.dcard.tw/f/nsysu/p/261471566,要要要湊人,我,卡 希望能開成,請問暑修要被當過才能修嗎,6／5開始選 各位記得要選,有開噢 各位到時候記得選,,,,,,,,,,,,,,,,,,,,,,,,,,,,,,,,,,,,,,,,,,,,,,,,,,,,,,,,,,,,,,,,,,,,,,,,,,,,,,,,,,,,,,,,,,,,,,
261470403,【尋物】急！中山大學書香町至電機大樓 遺失金色十字架項鍊,遺失物品： 金色項鍊，吊墜是一個小小的十字架（款式簡約） 遺失可能範圍： 1 . 圖書館1樓至3樓，以及書香町座位區 2 . 圖書館往電機大樓的沿路步道 3 . 電機大樓內部（走廊、電梯或教室） 這條項鍊對我有很重要的意義，如果有人在路上撿到，或是看到它靜靜躺在某個角落，拜託請聯繫我！,2026-05-12 16:54:46,0,10,https://www.dcard.tw/f/nsysu/p/261470403,在那個從翠亨下來到電資大樓那邊 早上過去還有看到,,,,,,,,,,,,,,,,,,,,,,,,,,,,,,,,,,,,,,,,,,,,,,,,,,,,,,,,,,,,,,,,,,,,,,,,,,,,,,,,,,,,,,,,,,,,,,,,,,,
261469992,為什麼我們學校都沒有音樂會,如題 其他學校陣容都好好喔 感覺也不只一年一次 我們學校 😮‍💨,2026-05-12 15:42:02,4,4,https://www.dcard.tw/f/nsysu/p/261469992,學校連社團都跟X一樣  其他還是先不用想了,珂拉琪拜託,看你指的是哪種音樂會 如果是那種管弦或合唱的 甚至需要靠大學之道去引流的那當然是有 但如果說是社團或者說其他流行樂方面可能就比較缺少,學校就很爛啊笑死,,,,,,,,,,,,,,,,,,,,,,,,,,,,,,,,,,,,,,,,,,,,,,,,,,,,,,,,,,,,,,,,,,,,,,,,,,,,,,,,,,,,,,,,,,,,,,,,
261469976,急！烹飪與科學演講心得提問,求救文！有修這門課的同學可以告訴我演講人的名字和演講題目嗎？看了心得格式才發現有這兩欄要填，但我根本沒有記… 祝大家期末都A+,2026-05-12 15:37:56,0,1,https://www.dcard.tw/f/nsysu/p/261469976,卡同問😥,,,,,,,,,,,,,,,,,,,,,,,,,,,,,,,,,,,,,,,,,,,,,,,,,,,,,,,,,,,,,,,,,,,,,,,,,,,,,,,,,,,,,,,,,,,,,,,,,,,
261469969,推薦花店,不好意思打擾各位  中山這附近高雄有沒有什麼推薦的花店嗎 520要到了想說買一束花慶祝一下,2026-05-12 15:36:25,2,5,https://www.dcard.tw/f/nsysu/p/261469969,中興路很多間,買給我的嗎,七賢路有一家,建國四路跟大仁路的菜市場裡面有 看起來種類滿多的 但我沒買過,,,,,,,,,,,,,,,,,,,,,,,,,,,,,,,,,,,,,,,,,,,,,,,,,,,,,,,,,,,,,,,,,,,,,,,,,,,,,,,,,,,,,,,,,,,,,,,,
261468991,游泳會考,想問一下在下午五點半左右才去考游泳會考會不會太晚?,2026-05-12 13:04:19,0,0,https://www.dcard.tw/f/nsysu/p/261468991,,,,,,,,,,,,,,,,,,,,,,,,,,,,,,,,,,,,,,,,,,,,,,,,,,,,,,,,,,,,,,,,,,,,,,,,,,,,,,,,,,,,,,,,,,,,,,,,,,,,
261468258,勁舞社成發,不知道大家有沒有有多的票⋯ 真的好想去看成發 但是表單已經關閉了,2026-05-12 11:02:59,0,6,https://www.dcard.tw/f/nsysu/p/261468258,卡一個 完全搶不到啊…,我也要卡一個😭,我怎麼印象中之前好像會開放站票？,我這裡有多的一張票,,,,,,,,,,,,,,,,,,,,,,,,,,,,,,,,,,,,,,,,,,,,,,,,,,,,,,,,,,,,,,,,,,,,,,,,,,,,,,,,,,,,,,,,,,,,,,,,
261467331,尋求鹽埕推薦套房,如題 鹽埕有沒有推薦的套房，找了好多都是鼓山的，但鹽埕才有比較多好吃的，想繼續待在這裡,2026-05-12 08:19:36,1,3,https://www.dcard.tw/f/nsysu/p/261467331,阿扁巴巴大俠不需要房子住吧,阿扁巴巴大俠不需要房子住吧,鹽埕很多好物件都限女生,,,,,,,,,,,,,,,,,,,,,,,,,,,,,,,,,,,,,,,,,,,,,,,,,,,,,,,,,,,,,,,,,,,,,,,,,,,,,,,,,,,,,,,,,,,,,,,,,
261466351,游泳大會考會很多人嗎,期末什麼東西都卡在一起，建議哪天去會比較好啊😭 5/13(三)、5/20(三)、5/27(三)、6/3(三) 16:20-17:55我需要成為時間管理大師 🥹,2026-05-12 05:34:45,1,3,https://www.dcard.tw/f/nsysu/p/261466351,人會多到以為游泳池裡面在排隊玩滑水道,歡迎體驗大型泡湯池,,,,,,,,,,,,,,,,,,,,,,,,,,,,,,,,,,,,,,,,,,,,,,,,,,,,,,,,,,,,,,,,,,,,,,,,,,,,,,,,,,,,,,,,,,,,,,,,,,
261464149,米羅滷味,不覺得青菜越來越黑了嗎...... 但不得不說 大學生真的不能沒宵夜,2026-05-11 16:53:31,3,1,https://www.dcard.tw/f/nsysu/p/261464149,去吃香料鹽酥雞！頂der 🤩👍,,,,,,,,,,,,,,,,,,,,,,,,,,,,,,,,,,,,,,,,,,,,,,,,,,,,,,,,,,,,,,,,,,,,,,,,,,,,,,,,,,,,,,,,,,,,,,,,,,,
261463128,填問卷抽星巴克！,大家好！ 我們是中山大學資管系大二的學生，目前正在進行一項關於「運動與生活品質」的統計問卷調查。 填答時間：約 3 - 5分鐘  填答對象：不限 隱私保證：本問卷採匿名填寫，資料僅供學術用途，請放心作答。完整填寫問卷並留下 Email即可參加抽獎，有機會獲得： ⭐️星巴克145元飲料券 * 5個名額⭐️  （中獎名單將透過 Email 通知，請務必填寫正確！） 🔗 問卷連結：,2026-05-11 14:19:10,6,1,https://www.dcard.tw/f/nsysu/p/261463128,推推,,,,,,,,,,,,,,,,,,,,,,,,,,,,,,,,,,,,,,,,,,,,,,,,,,,,,,,,,,,,,,,,,,,,,,,,,,,,,,,,,,,,,,,,,,,,,,,,,,,
261462746,電機全英電子學（二）會調分嗎,要被當了🥲,2026-05-11 13:25:47,0,13,https://www.dcard.tw/f/nsysu/p/261462746,會,再不上課啊，教授不開心了,劉漢硬是熊男🥺,不會,不會,退選時間過囉,學弟加油～,不會,我這屆沒調,修的時候沒調,電子學不是很簡單嗎 有👋就行,,,,,,,,,,,,,,,,,,,,,,,,,,,,,,,,,,,,,,,,,,,,,,,,,,,,,,,,,,,,,,,,,,,,,,,,,,,,,,,,,,,,,,,,,
261461477,徵外商-人才招募行政實習生,About RecruitFirst Taiwan 新加坡商立福人事顧問公司  成立於2019年，母公司在新加坡，源自於2014年成立的YoungTalent團隊。總部位於台北101，並於高雄設立第二辦公室。提供人力招募、人力派遣、外包管理等服務，同時整合YoungTalent之資源，協助舉辦校園招募活動及宣傳雇主品牌。致力為企業夥伴提供一站式人力資源解決方案。   ✅工作內容 1.	招募行政協作:負責初階職缺的履歷檢核、面試行程預約與資料彙整。 2.	初階人才招募支援:協助初階人才招募任用及支援招募專案。 3.	招募數據統計:協助統計各項招募成效 4.	辦公室行政事務:面試接待、物品保管、寄信、公用品採買等。  📍適合什麼樣的學生？ -不怕生，喜歡接觸人群 -對人才招募、獵頭產業有興趣 -耐心、細心、有條理 -此職缺開放在校生、在職生  📍工作地點&時間 -地點：高雄市鼓山區中華一路820號京城CBD大樓（美術館附近）不開放遠端 🙅‍♂️ -時間：9:00-18:00（中間休息一小時） -配合時間：一週一定要四天以上(五天者佳)、至少半年以上（現為大三、碩0佳） -待遇：時薪210（勞健保🈶） 👉優質的外商工作環境，對人資、業務工作有興趣，想要自我挑戰的同學都歡迎，表現好有很多舞台被看見，及轉正機會～ 📍想了解更多，請關注IG: careerin.pilot  另外，我們有招募其他職位，都歡迎有興趣的同學來應徵! 【實習生-人才招募行政】寄信至rft_kh@recruitfirst.co 【實習生 -獵才顧問(業務性質)】,2026-05-11 10:02:07,1,1,https://www.dcard.tw/f/nsysu/p/261461477,,,,,,,,,,,,,,,,,,,,,,,,,,,,,,,,,,,,,,,,,,,,,,,,,,,,,,,,,,,,,,,,,,,,,,,,,,,,,,,,,,,,,,,,,,,,,,,,,,,,
261461303,太陽刺眼到看不到路,騎車的時候常常會遇到直面太陽，而且又是斜射（一大早或下午）的時候，這時候的太陽真的讓我眼前一片光亮都看不太到路，我甚至要用左手去遮擋反光，好奇大家遇到這個問題都怎麼辦，戴墨鏡嗎？,2026-05-11 09:33:35,0,5,https://www.dcard.tw/f/nsysu/p/261461303,偏光墨鏡,蠻多安全帽有內建墨鏡欸，全罩或3/4的可以找找,墨鏡安全帽別買太黑的 跟汽車隔熱紙太黑一樣 晚上有點危險,會變色的鏡片或是像我的是第一層全透但是第二層可以拉一片墨鏡下來，不要用時再拉回去,,,,,,,,,,,,,,,,,,,,,,,,,,,,,,,,,,,,,,,,,,,,,,,,,,,,,,,,,,,,,,,,,,,,,,,,,,,,,,,,,,,,,,,,,,,,,,,,
261460717,暑修體育課 桌球 可密集授課,有沒有同學想要暑修體育課 是桌球的 可以密集授課 現在已經有聯絡到老師 但是還缺上課人數 需要的可以留言加一 謝謝,2026-05-11 07:58:13,0,12,https://www.dcard.tw/f/nsysu/p/261460717,您已被邀請加入「114中山大學暑修體育」！請點選以下連結加入社群！,另外體適能也可以,不會打桌球也可以嗎🥲 還缺體育的學分,有只有六日的嗎 平日卡實習,哪位老師呀,請問會很困難嗎🥲沒打過桌球 給分如何,,,,,,,,,,,,,,,,,,,,,,,,,,,,,,,,,,,,,,,,,,,,,,,,,,,,,,,,,,,,,,,,,,,,,,,,,,,,,,,,,,,,,,,,,,,,,,
261460412,政治傾向大調查,好奇大家的政黨傾向,2026-05-11 07:10:29,0,2,https://www.dcard.tw/f/nsysu/p/261460412,怎麼沒有共產黨,,,,,,,,,,,,,,,,,,,,,,,,,,,,,,,,,,,,,,,,,,,,,,,,,,,,,,,,,,,,,,,,,,,,,,,,,,,,,,,,,,,,,,,,,,,,,,,,,,,
261460248,求租屋推薦🙏🏻,我是研究所新生，在學校租屋網找好幾間都說滿了⋯⋯每天也都在一直滑591🥹。  想問有沒有人租到暑假的！預計8或9月入住～希望是八千以下的獨立套房（有租補佳），6坪以上、有機車停車位、一度電不超過5元、有垃圾代收。感激不盡🙏🏻  如果成功租到會請喝星巴克🫶🏻✨ ㊗️大家都有房子住🏠,2026-05-11 06:39:30,3,13,https://www.dcard.tw/f/nsysu/p/261460248,現在很多都po在中山大小事,/已經租出去了～  實體看房要跟我互相喬一下時間，謝謝！ 不過因為我還住在裡面，就不放照片了  詳細簽約時間可以再跟房東談喔！  ① 地點：高雄市鹽埕區新樂街222號（上頤牙醫樓上） ② 房型：套房 ③ 床型：房東提供單人床，目前房間是我自己的雙人床，有需要可以很便宜的整組賣給你，狀況都還不錯！ ④ 租金：4500，不可租補，年繳優惠一個月 ⑤ 押金：2個月 ⑥ 電費：一度4.5元，半年繳一次 ⑦ 水費：租金內含 ⑧ 其他費用：無 ⑨ 提供設備：公共冰箱、曬衣場、飲水機、投幣洗衣機（一次10元，洗40分鐘） ⑩ 可否開火：不可明火 ⑪ 是否為獨立洗衣機：否 ⑫ 最快可入住時間：7/1起簽，但我會提早離開，所以應該可以提早搬家！ ⑬ 汽車停車位：一樓白線可停 ⑭ 機車停車位：有，一樓 ⑮ 房東聯絡方式：請先私訊我～ ⑯ 備註： 1.房間真的很大！廁所跟房間都有對外窗，房間我放了雙人床跟一堆東西都還有很大的空間！ 2.我超愛吹冷氣，只要人在冷氣就會開，最常開過超過12小時，電費最貴僅繳過2300元，其餘都在1200-1300元之間（這是半年一繳的錢，不過我寒暑假不在高雄） 3.房東阿姨人很好，平常不會管你，但有問題都會立刻處理 4.每週都有專人清掃公告空間，不需要平分公電等等的費用,不要租堀江裡面,為什麼租屋社團4月底就停擺了,更新：我找到房子嚕🥳祝大家都找得到！,,,,,,,,,,,,,,,,,,,,,,,,,,,,,,,,,,,,,,,,,,,,,,,,,,,,,,,,,,,,,,,,,,,,,,,,,,,,,,,,,,,,,,,,,,,,,,,
261459536,徵有償蛙式教學,有上游泳課但到現在還是游不起來 夾腳不會前進+換不到氣然後直接下沉 希望找一個會教蛙式的同學來救救我，讓我6/3前可以考過50m 我會付學費（但我不知道行情），時間的話應該是禮拜四4:10過後。如果有救星請私訊我 （女生優先，但如果你確定可以教會我，是青蛙也沒關係）,2026-05-11 04:32:46,10,29,https://www.dcard.tw/f/nsysu/p/261459536,借版徵一個⋯⋯我也可以付錢😭,呱🐸,加油多練習一定會的 我小時候溺水瀕死不敢玩水 最後還是學會了,我可以教妳！！我也是從完全不會然後去修游泳課一學期最後學會🥲可以不收學費因為我本來就會去游❤️‍🔥,可以先試著讓自己浮在水上水中不會下沉後再練習前進，關鍵是身體要放鬆像趴在水床上，然後該夾腳的時候再瞬間發力，運動一般都是這樣。,我也可以教,我可以教！從小就有學過游泳也有教過人 加上最近突然想去游泳 需要的話可以私訊我～,呱呱呱,有上游泳課不是25m就可以嗎,借問一下現在學校泳池甚麼時候開啊,有男生需要可以找我！ 不用錢 有救生員職業照 以及三年的游泳教學經驗,,,,,,,,,,,,,,,,,,,,,,,,,,,,,,,,,,,,,,,,,,,,,,,,,,,,,,,,,,,,,,,,,,,,,,,,,,,,,,,,,,,,,,,,,
